youbi,SKUcode,item,urisuu,urikin,nesage,nine_urisuu,nine_urikin,nine_nesage,ten_urisuu,ten_urikin,ten_nesage,eleven_urisuu,eleven_urikin,eleven_nesage,noon_urisuu,noon_urikin,noon_nesage,one_urisuu,one_urikin,one_nesage,two_urisuu,two_urikin,two_nesage,three_urisuu,three_urikin,three_nesage,four_urisuu,four_urikin,four_nesage,five_urisuu,five_urikin,five_nesage,six_urisuu,six_urikin,six_nesage,seven_urisuu,seven_urikin,seven_nesage,eight_urisuu,eight_urikin,eight_nesage,pm_nine_urisuu,pm_nine_urikin,pm_nine_nesage,pm_ten_urisuu,pm_ten_urikin,pm_ten_nesage,pm_eleve_urisuu,pm_eleven_urikin,pm_eleven_nesage
2017年01月01日(日),92631267,あぶり焼きチキン,40,18006,21,,,,3,1348,0,3,1066,0,,,,1,298,0,3,1466,0,3,1576,0,7,4313,4,12,5841,9,3,675,3,4,1367,4,1,56,1,,,,,,,,,
2017年01月02日(月),92631267,あぶり焼きチキン,47,21317,13,,,,2,596,0,3,1458,0,2,596,0,4,2038,0,4,1474,0,8,4758,0,9,3810,0,5,1936,3,7,2953,7,2,1110,2,1,588,1,,,,,,,,,
2017年01月03日(火),92631267,あぶり焼きチキン,64,29922,7,2,878,0,1,580,0,2,878,0,6,2752,0,4,1474,0,8,4312,0,9,4610,0,14,7510,0,8,2636,1,9,3802,5,,,,,,,1,490,1,,,,,,
2017年01月04日(水),92631267,あぶり焼きチキン,48,13246,16,,,,3,784,0,4,1364,0,,,,4,1254,0,2,486,0,8,2446,0,4,1756,0,7,2258,0,4,1128,4,2,377,2,8,1125,8,1,149,1,1,119,1,,,
2017年01月05日(木),92631267,あぶり焼きチキン,35,9851,14,,,,2,486,0,4,972,0,3,784,0,,,,4,1082,0,4,1254,0,3,674,0,3,625,2,7,2186,7,3,1312,3,2,476,2,,,,,,,,,
2017年01月06日(金),92631267,あぶり焼きチキン,51,11156,29,1,298,0,3,784,0,,,,2,878,0,1,188,0,2,768,0,3,674,0,3,1348,0,2,596,0,6,1448,4,3,894,0,3,794,3,5,780,5,16,1587,16,,,
2017年01月07日(土),92631267,あぶり焼きチキン,66,17904,26,3,1008,0,5,1400,0,7,1720,0,3,738,0,5,1940,0,3,1380,0,4,1018,0,9,2856,0,1,550,0,4,1159,4,7,2250,7,,,,15,1885,15,,,,,,
2017年01月08日(日),92631267,あぶり焼きチキン,73,19613,33,,,,3,1066,0,6,1740,0,3,784,0,3,1458,0,3,1176,0,9,3308,0,7,2712,0,5,1914,1,3,834,2,4,805,3,3,764,3,8,1368,8,8,864,8,8,820,8
2017年01月09日(月),92631267,あぶり焼きチキン,63,17176,20,2,376,0,2,1160,0,5,1944,0,5,1270,0,3,784,0,8,2288,0,3,784,0,8,2336,0,9,3220,2,4,973,4,1,178,1,1,348,1,8,1114,8,3,282,3,,,
2017年01月10日(火),92631267,あぶり焼きチキン,33,9228,17,1,188,0,1,188,0,1,298,0,3,674,0,1,188,0,2,596,0,1,580,0,3,1066,0,2,566,1,8,2288,6,3,860,3,3,1108,3,4,628,4,,,,,,
2017年01月11日(水),92631267,あぶり焼きチキン,37,10163,21,,,,1,188,0,2,768,0,4,1364,0,1,298,0,2,768,0,2,768,0,1,188,0,4,1052,1,7,2087,7,2,790,2,4,580,4,6,1218,6,1,94,1,,,
2017年01月12日(木),92631267,あぶり焼きチキン,45,12435,25,,,,,,,,,,6,2132,0,2,596,0,1,298,0,8,2446,0,7,2403,4,6,1565,6,3,959,3,4,741,4,6,1126,6,2,169,2,,,,,,
2017年01月13日(金),92631267,あぶり焼きチキン,40,8708,30,,,,,,,1,298,0,4,1364,0,2,486,0,1,188,0,,,,1,188,0,,,,4,1356,3,4,875,4,11,2464,11,10,1301,10,2,188,2,,,
2017年01月14日(土),92631267,あぶり焼きチキン,42,12643,22,,,,3,1066,0,3,1176,0,4,1646,0,1,188,0,3,1066,0,3,784,0,3,784,0,3,860,3,9,2821,9,2,536,2,2,614,2,5,1008,5,1,94,1,,,
2017年01月15日(日),92631267,あぶり焼きチキン,59,16192,31,,,,2,376,0,8,3464,0,1,298,0,3,1458,0,2,768,0,3,1066,0,5,1160,0,5,1350,1,7,1678,7,5,1245,5,8,2104,8,6,813,6,4,412,4,,,
2017年01月16日(月),92631267,あぶり焼きチキン,33,8817,12,1,298,0,5,1662,0,1,298,0,2,486,0,3,1176,0,,,,2,486,0,3,1096,0,3,956,0,1,298,0,2,243,2,2,309,2,5,1089,5,3,420,3,,,
2017年01月17日(火),92631267,あぶり焼きチキン,35,9261,15,2,376,0,2,596,0,2,596,0,,,,,,,2,486,0,4,1082,0,4,1254,0,3,1176,0,3,879,2,3,656,3,4,1090,4,6,1070,6,,,,,,
2017年01月18日(水),92631267,あぶり焼きチキン,41,10648,14,1,280,0,3,738,0,1,178,0,1,280,0,,,,3,738,0,6,1374,0,8,2306,0,4,916,0,10,2881,10,4,957,4,,,,,,,,,,,,
2017年01月19日(木),92631267,あぶり焼きチキン,14,3352,5,,,,1,188,0,1,298,0,2,486,0,,,,,,,1,188,0,1,298,0,3,674,0,1,268,1,1,238,1,2,476,2,1,238,1,,,,,,
2017年01月20日(金),92631267,あぶり焼きチキン,10,1915,7,,,,,,,,,,1,298,0,,,,1,298,0,,,,1,298,0,,,,1,268,1,2,377,2,,,,4,376,4,,,,,,
2017年01月21日(土),92631267,あぶり焼きチキン,36,11869,16,2,596,0,,,,3,1458,0,2,878,0,1,580,0,3,1348,0,2,878,0,6,1348,0,3,1370,2,5,2003,5,2,377,2,2,416,2,5,617,5,,,,,,
2017年01月22日(日),92631267,あぶり焼きチキン,50,15020,12,3,564,0,3,956,0,4,1474,0,5,1662,0,2,486,0,5,1270,0,3,1176,0,4,1364,0,7,2540,0,6,1584,5,3,918,2,5,1026,5,,,,,,,,,
2017年01月23日(月),92631267,あぶり焼きチキン,10,2144,5,,,,1,188,0,2,486,0,,,,1,188,0,,,,,,,1,298,0,,,,1,169,1,2,476,2,2,339,2,,,,,,,,,
2017年01月24日(火),92631267,あぶり焼きチキン,14,3283,6,,,,1,188,0,,,,,,,2,596,0,,,,2,596,0,,,,2,596,0,2,338,2,2,536,1,2,339,2,,,,1,94,1,,,
2017年01月25日(水),92631267,あぶり焼きチキン,12,3470,1,1,188,0,2,1160,0,1,188,0,2,486,0,1,298,0,1,298,0,,,,3,674,0,,,,,,,,,,1,178,1,,,,,,,,,
2017年01月26日(木),92631267,あぶり焼きチキン,20,4479,10,,,,,,,,,,,,,6,1568,0,,,,,,,4,1082,0,2,338,2,4,676,4,1,268,1,1,208,1,2,339,2,,,,,,
2017年01月27日(金),92631267,あぶり焼きチキン,10,2257,4,,,,,,,,,,,,,1,298,0,,,,,,,2,596,0,3,564,0,2,536,2,1,169,1,,,,1,94,1,,,,,,
2017年01月28日(土),92631267,あぶり焼きチキン,16,3578,3,,,,2,376,0,,,,1,188,0,1,188,0,1,298,0,2,486,0,3,564,0,2,486,0,4,992,3,,,,,,,,,,,,,,,
2017年01月29日(日),92631267,あぶり焼きチキン,20,4629,5,,,,3,674,0,2,486,0,2,596,0,1,298,0,4,862,0,1,188,0,1,298,0,3,834,2,,,,2,262,2,1,131,1,,,,,,,,,
2017年01月30日(月),92631267,あぶり焼きチキン,18,3839,7,,,,,,,,,,3,564,0,,,,2,596,0,1,188,0,3,784,0,2,486,0,1,268,1,,,,1,208,1,5,745,5,,,,,,
2017年01月31日(火),92631267,あぶり焼きチキン,10,2332,4,,,,,,,2,596,0,,,,1,188,0,2,486,0,1,188,0,,,,1,169,1,2,437,2,1,268,1,,,,,,,,,,,,
2017年02月01日(水),92631267,あぶり焼きチキン,10,2131,8,,,,,,,,,,,,,,,,2,596,0,,,,,,,1,169,1,4,973,4,1,131,1,1,131,1,1,131,1,,,,,,
2017年02月02日(木),92631267,あぶり焼きチキン,10,2267,5,,,,,,,,,,,,,1,298,0,2,596,0,2,486,0,,,,3,606,3,1,169,1,1,112,1,,,,,,,,,,,,
2017年02月03日(金),92631267,あぶり焼きチキン,10,2430,0,,,,,,,3,674,0,,,,,,,,,,,,,4,1082,0,3,674,0,,,,,,,,,,,,,,,,,,
2017年02月04日(土),92631267,あぶり焼きチキン,10,2305,4,,,,,,,1,188,0,2,486,0,2,596,0,1,298,0,,,,,,,1,169,1,1,268,1,1,169,1,1,131,1,,,,,,,,,
2017年02月05日(日),92631267,あぶり焼きチキン,10,2392,2,,,,1,188,0,2,486,0,,,,2,486,0,3,894,0,,,,,,,1,169,1,,,,1,169,1,,,,,,,,,,,,
2017年02月06日(月),92631267,あぶり焼きチキン,10,2320,0,,,,4,972,0,1,188,0,2,486,0,1,188,0,1,188,0,1,298,0,,,,,,,,,,,,,,,,,,,,,,,,
2017年02月07日(火),92631267,あぶり焼きチキン,10,2340,3,,,,,,,,,,,,,,,,3,674,0,,,,3,674,0,2,456,1,2,536,2,,,,,,,,,,,,,,,
2017年02月08日(水),92631267,あぶり焼きチキン,51,12381,22,3,1650,0,1,280,0,5,1298,0,2,560,0,3,840,0,4,1186,0,,,,4,1018,0,5,1838,0,5,928,3,2,448,2,3,723,3,5,735,5,9,877,9,,,
2017年02月10日(金),92631267,あぶり焼きチキン,10,1977,7,,,,1,188,0,2,486,0,,,,,,,,,,,,,,,,2,437,2,2,437,2,,,,1,131,1,1,149,1,1,149,1,,,
2017年02月11日(土),92631267,あぶり焼きチキン,19,4556,7,,,,,,,2,486,0,2,486,0,1,188,0,2,486,0,2,596,0,2,596,0,3,735,2,3,507,3,1,238,1,1,238,1,,,,,,,,,
2017年02月12日(日),92631267,あぶり焼きチキン,29,6568,13,,,,,,,3,784,0,2,376,0,3,674,0,,,,4,1646,0,2,376,0,2,486,0,,,,4,1013,4,,,,8,1064,8,1,149,1,,,
2017年02月13日(月),92631267,あぶり焼きチキン,9,2242,0,,,,,,,1,298,0,1,298,0,,,,3,674,0,1,188,0,,,,3,784,0,,,,,,,,,,,,,,,,,,
2017年02月14日(火),92631267,あぶり焼きチキン,10,2286,5,,,,,,,,,,,,,2,486,0,,,,2,596,0,2,467,1,1,169,1,2,437,2,,,,1,131,1,,,,,,,,,
2017年02月15日(水),92631267,あぶり焼きチキン,45,12024,19,,,,4,916,0,2,830,0,,,,1,280,0,6,1578,0,1,280,0,5,1466,0,8,2905,5,6,1504,3,2,440,1,3,777,3,7,1048,7,,,,,,
2017年02月16日(木),92631267,あぶり焼きチキン,10,2251,2,,,,,,,3,784,0,2,376,0,2,376,0,,,,,,,1,298,0,,,,1,268,1,,,,,,,,,,1,149,1,,,
2017年02月17日(金),92631267,あぶり焼きチキン,10,2171,5,1,188,0,2,376,0,1,188,0,,,,,,,,,,,,,1,298,0,1,169,1,,,,4,952,4,,,,,,,,,,,,
2017年02月18日(土),92631267,あぶり焼きチキン,9,2182,2,,,,,,,2,486,0,3,564,0,,,,,,,1,298,0,,,,2,566,1,1,268,1,,,,,,,,,,,,,,,
2017年02月19日(日),92631267,あぶり焼きチキン,20,4611,5,,,,1,298,0,2,486,0,1,298,0,1,188,0,2,486,0,2,486,0,,,,2,596,0,2,596,0,4,783,2,1,150,1,2,244,2,,,,,,
2017年02月20日(月),92631267,あぶり焼きチキン,9,2322,1,,,,,,,1,188,0,1,298,0,1,298,0,2,486,0,,,,,,,3,784,0,1,268,1,,,,,,,,,,,,,,,
2017年02月21日(火),92631267,あぶり焼きチキン,9,2024,3,,,,,,,2,376,0,1,188,0,,,,2,596,0,,,,1,298,0,,,,1,268,1,,,,,,,1,149,1,,,,1,149,1
2017年02月22日(水),92631267,あぶり焼きチキン,13,2945,4,,,,1,188,0,1,188,0,,,,2,376,0,1,188,0,,,,2,486,0,,,,4,1132,2,,,,,,,1,238,1,1,149,1,,,
2017年02月23日(木),92631267,あぶり焼きチキン,14,3442,4,,,,,,,3,674,0,2,376,0,1,298,0,2,486,0,1,298,0,1,298,0,,,,3,804,3,,,,1,208,1,,,,,,,,,
2017年02月24日(金),92631267,あぶり焼きチキン,10,2218,6,,,,,,,,,,3,894,0,,,,,,,,,,1,188,0,,,,3,705,3,1,169,1,2,262,2,,,,,,,,,
2017年02月25日(土),92631267,あぶり焼きチキン,16,3388,9,,,,,,,,,,2,486,0,1,298,0,2,376,0,1,298,0,,,,1,188,0,6,1311,6,1,169,1,1,131,1,1,131,1,,,,,,
2017年02月26日(日),92631267,あぶり焼きチキン,10,2223,6,,,,,,,1,298,0,1,188,0,,,,,,,,,,2,486,0,1,268,1,4,775,4,1,208,1,,,,,,,,,,,,
2017年02月27日(月),92631267,あぶり焼きチキン,10,2281,1,,,,1,188,0,1,188,0,1,298,0,,,,,,,2,486,0,2,486,0,2,486,0,,,,,,,,,,1,149,1,,,,,,
2017年02月28日(火),92631267,あぶり焼きチキン,10,2109,6,,,,,,,,,,,,,1,298,0,1,298,0,,,,2,376,0,,,,,,,2,536,2,2,339,2,2,262,2,,,,,,
2017年03月01日(水),92631267,あぶり焼きチキン,16,3532,4,,,,1,188,0,1,188,0,2,596,0,,,,2,376,0,1,188,0,2,596,0,,,,3,724,2,4,676,2,,,,,,,,,,,,
2017年03月02日(木),92631267,あぶり焼きチキン,29,10383,9,,,,3,1194,0,4,1592,0,,,,2,796,0,3,1194,0,,,,4,1592,0,1,398,0,3,1114,2,4,1398,2,1,190,1,2,517,2,2,398,2,,,
2017年03月03日(金),92631267,あぶり焼きチキン,10,2157,4,,,,,,,1,188,0,,,,,,,2,486,0,1,188,0,1,298,0,1,298,0,2,437,2,,,,1,131,1,1,131,1,,,,,,
2017年03月04日(土),92631267,あぶり焼きチキン,10,2257,4,,,,1,298,0,1,188,0,,,,2,486,0,,,,2,486,0,,,,,,,3,705,3,,,,,,,1,94,1,,,,,,
2017年03月05日(日),92631267,あぶり焼きチキン,19,4408,6,,,,,,,1,298,0,1,298,0,2,486,0,2,486,0,4,972,0,2,486,0,,,,2,536,2,4,696,3,,,,1,150,1,,,,,,
2017年03月06日(月),92631267,あぶり焼きチキン,9,2182,2,,,,1,188,0,2,486,0,,,,1,298,0,1,188,0,,,,2,486,0,,,,1,268,1,1,268,1,,,,,,,,,,,,
2017年03月07日(火),92631267,あぶり焼きチキン,10,2332,2,,,,1,298,0,1,188,0,3,784,0,,,,3,674,0,,,,,,,2,388,2,,,,,,,,,,,,,,,,,,
2017年03月08日(水),92631267,あぶり焼きチキン,9,2032,3,2,486,0,,,,,,,1,188,0,,,,1,298,0,,,,2,376,0,,,,1,268,1,,,,2,416,2,,,,,,,,,
2017年03月09日(木),92631267,あぶり焼きチキン,21,7610,8,,,,2,796,0,,,,2,796,0,2,796,0,,,,,,,3,1194,0,4,1552,1,3,1114,2,4,1084,4,1,278,1,,,,,,,,,
2017年03月10日(金),92631267,あぶり焼きチキン,10,2335,3,,,,1,298,0,,,,2,596,0,1,298,0,1,188,0,1,298,0,1,188,0,,,,2,338,2,1,131,1,,,,,,,,,,,,
2017年03月11日(土),92631267,あぶり焼きチキン,20,4481,5,,,,,,,3,674,0,2,596,0,,,,2,376,0,,,,2,596,0,4,862,0,2,596,0,,,,2,388,2,3,393,3,,,,,,
2017年03月12日(日),92631267,あぶり焼きチキン,28,6996,6,2,486,0,1,298,0,4,1082,0,,,,,,,1,188,0,2,596,0,4,972,0,4,972,0,5,1092,3,3,834,1,2,476,2,,,,,,,,,
2017年03月13日(月),92631267,あぶり焼きチキン,10,2381,2,,,,,,,1,188,0,,,,3,674,0,,,,2,486,0,2,596,0,,,,2,437,2,,,,,,,,,,,,,,,
2017年03月14日(火),92631267,あぶり焼きチキン,10,2340,3,,,,,,,3,674,0,,,,1,188,0,,,,2,376,0,,,,1,298,0,2,536,2,1,268,1,,,,,,,,,,,,
2017年03月15日(水),92631267,あぶり焼きチキン,36,9469,21,,,,1,188,0,2,376,0,3,784,0,3,1458,0,1,188,0,1,580,0,3,784,0,2,1102,1,5,1495,5,3,705,3,1,131,1,8,1282,8,3,396,3,,,
2017年03月16日(木),92631267,あぶり焼きチキン,92,25678,42,1,298,0,1,298,0,3,894,0,6,1348,0,3,1176,0,10,2932,0,4,1474,0,7,2320,0,11,3340,0,19,6394,16,13,2917,12,5,963,5,8,1205,8,,,,,,
2017年03月17日(金),92631267,あぶり焼きチキン,36,9428,21,2,1160,0,,,,3,674,0,1,188,0,1,188,0,,,,2,596,0,2,596,0,4,1474,0,5,1043,5,7,1465,7,7,1660,7,2,384,2,,,,,,
2017年03月18日(土),92631267,あぶり焼きチキン,47,15113,14,,,,2,486,0,4,1254,0,3,1176,0,,,,4,1364,0,3,1176,0,2,1160,0,9,3480,0,6,2242,0,2,358,2,5,1083,5,6,1185,6,1,149,1,,,
2017年03月19日(日),92631267,あぶり焼きチキン,76,30951,10,2,596,0,3,894,0,7,2650,0,4,1474,0,5,2336,0,10,4108,0,12,5104,0,6,2752,0,8,3230,0,13,5704,5,2,820,1,2,644,2,2,639,2,,,,,,
2017年03月20日(月),92631267,あぶり焼きチキン,49,18944,14,3,894,0,2,878,0,2,596,0,4,1474,0,7,2650,0,3,894,0,1,580,0,3,1576,0,7,3516,1,7,2220,4,3,1624,2,3,882,3,4,1160,4,,,,,,
2017年03月21日(火),92631267,あぶり焼きチキン,26,7394,11,3,784,0,1,188,0,,,,3,1348,0,2,486,0,2,596,0,1,188,0,1,298,0,2,878,0,5,1396,5,3,546,3,,,,3,686,3,,,,,,
2017年03月22日(水),92631267,あぶり焼きチキン,24,6702,8,1,188,0,1,188,0,,,,,,,,,,2,486,0,,,,6,2070,0,5,1944,0,4,893,3,,,,2,595,2,1,150,1,,,,2,188,2
2017年03月23日(木),92631267,あぶり焼きチキン,25,9630,5,3,1194,0,,,,3,1194,0,1,398,0,1,398,0,,,,2,796,0,6,2388,0,4,1552,1,2,756,1,2,716,2,,,,1,238,1,,,,,,
2017年03月24日(金),92631267,あぶり焼きチキン,14,3592,1,,,,5,1380,0,,,,1,188,0,1,188,0,2,486,0,,,,,,,4,1082,0,1,268,1,,,,,,,,,,,,,,,
2017年03月25日(土),92631267,あぶり焼きチキン,21,4663,13,,,,1,188,0,,,,1,188,0,1,188,0,2,596,0,,,,,,,2,486,0,2,437,2,1,188,0,1,150,1,9,2093,9,1,149,1,,,
2017年03月26日(日),92631267,あぶり焼きチキン,20,4569,7,,,,1,298,0,2,376,0,2,486,0,1,298,0,4,1082,0,1,298,0,2,486,0,,,,4,775,4,,,,2,339,2,1,131,1,,,,,,
2017年03月27日(月),92631267,あぶり焼きチキン,10,2362,3,,,,1,298,0,1,188,0,,,,3,784,0,,,,,,,,,,3,655,1,2,437,2,,,,,,,,,,,,,,,
2017年03月28日(火),92631267,あぶり焼きチキン,10,1975,7,,,,,,,1,188,0,,,,,,,1,298,0,1,188,0,,,,,,,1,169,1,2,300,2,2,416,2,2,416,2,,,,,,
2017年03月29日(水),92631267,あぶり焼きチキン,42,11586,19,1,298,0,,,,2,486,0,3,1458,0,2,486,0,3,564,0,2,768,0,5,1944,0,3,754,1,7,2110,4,4,892,4,5,1282,5,3,356,3,2,188,2,,,
2017年03月30日(木),92631267,あぶり焼きチキン,18,6229,9,,,,,,,,,,1,398,0,1,398,0,1,398,0,1,398,0,4,1592,0,1,398,0,4,1257,4,4,1112,4,1,278,1,,,,,,,,,
2017年03月31日(金),92631267,あぶり焼きチキン,10,2362,3,,,,1,298,0,,,,3,674,0,,,,1,188,0,,,,,,,2,596,0,3,606,3,,,,,,,,,,,,,,,
2017年04月01日(土),92631267,あぶり焼きチキン,16,3600,3,1,188,0,,,,3,674,0,1,188,0,2,596,0,3,564,0,,,,1,298,0,2,486,0,2,437,2,1,169,1,,,,,,,,,,,,
2017年04月02日(日),92631267,あぶり焼きチキン,53,14545,21,4,1018,0,2,1100,0,2,560,0,4,1018,0,1,550,0,4,1456,0,2,458,0,6,1476,0,3,636,0,13,3875,9,4,1384,4,3,516,3,5,498,5,,,,,,
2017年04月03日(月),92631267,あぶり焼きチキン,26,8050,3,,,,,,,2,878,0,4,1254,0,1,188,0,2,878,0,3,674,0,6,1740,0,6,1902,1,2,536,2,,,,,,,,,,,,,,,
2017年04月04日(火),92631267,あぶり焼きチキン,10,2260,3,,,,,,,2,486,0,1,298,0,1,298,0,1,188,0,,,,1,298,0,1,298,0,1,169,1,,,,1,131,1,1,94,1,,,,,,
2017年04月05日(水),92631267,あぶり焼きチキン,10,2261,4,,,,,,,1,188,0,1,188,0,1,298,0,,,,,,,1,188,0,2,486,0,2,437,2,1,268,1,1,208,1,,,,,,,,,
2017年04月06日(木),92631267,あぶり焼きチキン,20,7322,6,1,398,0,,,,1,398,0,,,,1,398,0,4,1592,0,,,,5,1990,0,2,796,0,3,1074,3,,,,1,278,1,2,398,2,,,,,,
2017年04月07日(金),92631267,あぶり焼きチキン,15,4491,11,,,,,,,3,1740,0,1,298,0,,,,,,,,,,,,,3,507,3,6,1509,6,2,437,2,,,,,,,,,,,,
2017年04月08日(土),92631267,あぶり焼きチキン,10,2250,2,,,,,,,,,,,,,,,,1,188,0,1,188,0,3,674,0,3,784,0,,,,,,,2,416,2,,,,,,,,,
2017年04月09日(日),92631267,あぶり焼きチキン,50,14618,15,,,,3,784,0,2,486,0,1,188,0,3,784,0,4,1082,0,3,784,0,6,1960,0,8,3292,0,8,2421,4,3,598,2,6,1792,6,3,447,3,,,,,,
2017年04月10日(月),92631267,あぶり焼きチキン,33,8620,15,,,,1,188,0,,,,,,,1,188,0,6,1458,0,,,,2,596,0,5,1834,0,7,2216,6,5,1202,3,4,639,4,2,299,2,,,,,,
2017年04月11日(火),92631267,あぶり焼きチキン,21,4292,9,,,,,,,3,564,0,1,298,0,1,188,0,,,,1,298,0,1,188,0,3,674,0,2,536,2,4,783,2,2,388,2,2,281,2,1,94,1,,,
2017年04月12日(水),92631267,あぶり焼きチキン,41,11389,15,3,784,0,3,784,0,3,674,0,3,956,0,1,188,0,2,768,0,3,1066,0,1,298,0,6,1329,1,5,1434,3,5,1478,5,3,1218,3,3,412,3,,,,,,
2017年04月13日(木),92631267,あぶり焼きチキン,23,8360,11,3,1194,0,,,,,,,2,796,0,1,398,0,2,796,0,,,,1,398,0,2,796,0,4,1472,3,8,2510,8,,,,,,,,,,,,
2017年04月14日(金),92631267,あぶり焼きチキン,10,2272,6,,,,,,,,,,1,188,0,,,,1,298,0,2,376,0,,,,,,,6,1410,6,,,,,,,,,,,,,,,
2017年04月15日(土),92631267,あぶり焼きチキン,12,3028,5,,,,1,188,0,1,188,0,3,1066,0,1,188,0,,,,,,,1,298,0,,,,1,268,1,2,416,2,1,208,1,1,208,1,,,,,,
2017年04月16日(日),92631267,あぶり焼きチキン,68,20843,7,1,188,0,3,564,0,4,1120,0,2,830,0,6,1496,0,2,830,0,9,3054,0,12,3348,0,12,3624,0,8,2522,2,4,1605,1,5,1662,4,,,,,,,,,
2017年04月17日(月),92631267,あぶり焼きチキン,47,13305,18,3,1066,0,1,298,0,2,878,0,6,1458,0,3,674,0,4,1364,0,3,564,0,5,1552,0,3,1329,1,5,1848,5,6,1527,6,4,559,4,1,94,1,1,94,1,,,
2017年04月18日(火),92631267,あぶり焼きチキン,30,8502,14,,,,4,862,0,2,768,0,1,580,0,1,298,0,1,298,0,4,1646,0,3,1458,0,,,,2,437,2,4,775,4,4,755,4,3,506,3,1,119,1,,,
2017年04月19日(水),92631267,あぶり焼きチキン,36,8536,14,1,188,0,,,,3,784,0,4,972,0,2,596,0,3,1066,0,3,1066,0,3,724,0,2,486,0,3,526,2,7,1346,7,1,406,1,1,94,1,3,282,3,,,
2017年04月20日(木),92631267,あぶり焼きチキン,24,8998,5,,,,1,398,0,2,796,0,2,796,0,2,796,0,1,398,0,2,796,0,8,3184,0,1,398,0,,,,3,880,3,2,556,2,,,,,,,,,
2017年04月21日(金),92631267,あぶり焼きチキン,20,4549,5,2,486,0,,,,1,188,0,1,188,0,1,298,0,2,596,0,,,,,,,3,784,0,3,655,1,2,456,1,3,655,1,2,243,2,,,,,,
2017年04月22日(土),92631267,あぶり焼きチキン,10,2106,6,,,,,,,1,298,0,1,298,0,1,298,0,,,,,,,,,,1,188,0,1,268,1,2,437,2,1,131,1,2,188,2,,,,,,
2017年04月23日(日),92631267,あぶり焼きチキン,51,15687,16,1,550,0,6,2118,0,2,356,0,1,280,0,4,1390,0,2,830,0,3,1380,0,4,1120,0,8,2818,0,6,1915,3,7,1693,6,3,669,3,4,568,4,,,,,,
2017年04月24日(月),92631267,あぶり焼きチキン,29,8392,20,,,,,,,1,580,0,2,486,0,,,,3,1740,0,1,188,0,1,298,0,2,467,1,7,2087,7,7,1462,7,5,1084,5,,,,,,,,,
2017年04月25日(火),92631267,あぶり焼きチキン,44,13144,17,,,,1,580,0,5,1662,0,2,486,0,2,486,0,1,580,0,3,1066,0,8,2336,0,6,1982,2,7,1833,7,5,1448,4,1,238,1,3,447,3,,,,,,
2017年04月26日(水),92631267,あぶり焼きチキン,42,10001,23,1,178,0,1,298,0,3,654,0,3,894,0,2,830,0,2,356,0,4,1288,0,1,280,0,3,1485,3,3,664,3,8,1730,6,4,668,4,7,676,7,,,,,,
2017年04月27日(木),92631267,あぶり焼きチキン,26,9230,14,,,,,,,4,1592,0,,,,,,,,,,,,,6,2388,0,5,1870,3,5,1790,5,2,636,2,2,556,2,2,398,2,,,,,,
2017年04月28日(金),92631267,あぶり焼きチキン,16,3262,9,,,,,,,3,564,0,,,,,,,2,486,0,,,,1,188,0,,,,5,963,4,4,853,4,1,208,1,,,,,,,,,
2017年04月29日(土),92631267,あぶり焼きチキン,20,4463,6,,,,,,,,,,2,486,0,,,,,,,3,674,0,3,784,0,1,188,0,2,467,1,4,1082,0,1,238,1,4,544,4,,,,,,
2017年04月30日(日),92631267,あぶり焼きチキン,10,2171,5,,,,1,188,0,,,,,,,,,,,,,1,188,0,1,298,0,2,376,0,2,437,2,1,268,1,,,,2,416,2,,,,,,
2017年05月01日(月),92631267,あぶり焼きチキン,36,10500,16,2,596,0,1,188,0,2,768,0,,,,2,878,0,3,894,0,2,878,0,3,894,0,4,1364,0,5,1381,4,4,1098,4,3,607,3,5,954,5,,,,,,
2017年05月02日(火),92631267,あぶり焼きチキン,19,6126,10,,,,,,,1,398,0,1,398,0,,,,2,796,0,,,,2,796,0,2,796,0,2,756,1,,,,3,834,3,6,1352,6,,,,,,
2017年05月03日(水),92631267,あぶり焼きチキン,80,25697,17,4,1558,0,3,840,0,2,458,0,4,1660,0,1,280,0,4,1558,0,7,2398,0,8,2948,0,10,3526,3,19,7454,4,9,2076,2,1,178,0,4,356,4,4,407,4,,,
2017年05月04日(木),92631267,あぶり焼きチキン,20,4664,4,,,,,,,,,,2,596,0,2,376,0,3,564,0,1,298,0,1,298,0,4,1082,0,3,674,0,,,,4,776,4,,,,,,,,,
2017年05月05日(金),92631267,あぶり焼きチキン,62,22723,13,,,,1,580,0,1,188,0,2,768,0,4,1364,0,4,1536,0,10,2602,0,11,5130,0,8,2580,4,8,3390,0,7,3053,3,3,714,3,3,818,3,,,,,,
2017年05月06日(土),92631267,あぶり焼きチキン,10,1861,8,,,,,,,,,,,,,,,,,,,,,,2,486,0,,,,1,169,1,4,832,4,2,262,2,1,112,1,,,,,,
2017年05月07日(日),92631267,あぶり焼きチキン,52,14486,26,1,298,0,2,1160,0,5,1662,0,3,1066,0,2,376,0,4,972,0,3,784,0,3,956,0,6,1390,3,4,1227,4,3,1334,3,2,369,2,7,1729,7,7,1163,7,,,
2017年05月08日(月),92631267,あぶり焼きチキン,26,5855,16,,,,1,580,0,,,,,,,3,1066,0,,,,2,768,0,2,376,0,2,376,0,3,606,3,3,393,3,2,339,2,5,904,5,3,447,3,,,
2017年05月09日(火),92631267,あぶり焼きチキン,33,9487,12,3,674,0,1,298,0,1,298,0,,,,1,188,0,1,298,0,5,1160,0,4,1756,0,5,1270,0,4,1227,4,4,1206,4,1,208,1,3,904,3,,,,,,
2017年05月10日(水),92631267,あぶり焼きチキン,35,8629,20,1,188,0,1,188,0,2,376,0,2,486,0,1,580,0,1,188,0,1,298,0,1,298,0,3,1458,0,4,923,2,5,1132,5,4,718,4,3,534,3,6,1262,6,,,
2017年05月11日(木),92631267,あぶり焼きチキン,17,6356,2,,,,2,796,0,,,,1,398,0,1,398,0,1,398,0,1,398,0,4,1592,0,4,1592,0,1,398,0,1,244,1,1,142,1,,,,,,,,,
2017年05月12日(金),92631267,あぶり焼きチキン,42,11219,20,,,,1,280,0,2,356,0,2,728,0,2,458,0,1,280,0,4,1288,0,1,550,0,5,1568,0,4,1632,1,9,2171,8,1,440,1,7,1020,7,3,448,3,,,
2017年05月13日(土),92631267,あぶり焼きチキン,56,16476,21,,,,,,,2,356,0,2,356,0,6,2658,0,6,1644,0,4,1186,0,6,1848,0,7,2786,0,5,1727,3,3,480,3,7,2277,7,8,1158,8,,,,,,
2017年05月14日(日),92631267,あぶり焼きチキン,80,20180,29,3,738,0,3,738,0,3,738,0,4,1018,0,,,,9,2280,0,6,1746,0,5,1568,0,9,3768,0,12,2970,3,2,412,2,6,1410,6,4,686,4,11,1556,11,2,332,2
2017年05月15日(月),92631267,あぶり焼きチキン,27,6643,11,1,580,0,,,,2,596,0,,,,1,298,0,,,,5,1050,0,1,298,0,3,956,0,3,1458,0,1,169,1,,,,5,863,5,4,300,4,1,75,1
2017年05月16日(火),92631267,あぶり焼きチキン,39,10605,21,,,,1,188,0,3,1348,0,2,376,0,,,,,,,5,1834,0,2,376,0,2,596,0,10,3222,8,5,1170,4,1,238,1,7,1108,7,1,149,1,,,
2017年05月17日(水),92631267,あぶり焼きチキン,35,8639,17,,,,1,298,0,1,188,0,5,1160,0,,,,3,674,0,3,894,0,5,1442,0,1,268,1,3,705,3,5,1965,5,1,150,1,6,801,6,1,94,1,,,
2017年05月18日(木),92631267,あぶり焼きチキン,21,5955,15,,,,,,,2,796,0,1,398,0,,,,,,,1,398,0,,,,2,796,0,2,716,2,3,942,3,1,278,1,4,796,4,5,835,5,,,
2017年05月19日(金),92631267,あぶり焼きチキン,32,7218,23,,,,,,,,,,1,280,0,,,,,,,1,280,0,4,1390,0,2,560,0,9,2253,8,4,860,4,2,320,2,3,690,3,6,585,6,,,
2017年05月20日(土),92631267,あぶり焼きチキン,59,14014,28,1,178,0,3,1008,0,3,636,0,4,916,0,1,280,0,5,1196,0,4,1288,0,2,728,0,8,2000,0,2,990,2,5,1355,5,4,884,4,9,1573,9,7,893,7,1,89,1
2017年05月21日(日),92631267,あぶり焼きチキン,64,19010,25,3,636,0,1,178,0,2,560,0,4,1660,0,6,1644,0,3,840,0,6,2118,0,1,178,0,9,3768,0,5,1709,4,6,1747,3,7,1348,7,10,2349,10,1,275,1,,,
2017年05月22日(月),92631267,あぶり焼きチキン,42,11921,23,2,596,0,1,188,0,2,486,0,2,486,0,,,,5,2116,0,3,784,0,4,2320,0,2,437,2,6,2017,6,5,1082,5,3,547,3,2,357,2,2,238,2,3,267,3
2017年05月23日(火),92631267,あぶり焼きチキン,26,8680,13,1,580,0,,,,2,878,0,1,580,0,2,878,0,1,580,0,2,596,0,1,188,0,4,2262,1,3,606,3,2,300,2,6,1138,6,1,94,1,,,,,,
2017年05月24日(水),92631267,あぶり焼きチキン,40,8490,29,,,,2,376,0,2,596,0,,,,2,596,0,,,,1,580,0,1,580,0,3,1176,0,3,705,3,3,959,3,2,262,2,5,635,5,9,1368,9,6,582,6
2017年05月25日(木),92631267,あぶり焼きチキン,24,7413,17,,,,,,,1,398,0,,,,2,796,0,,,,2,796,0,,,,3,1154,1,3,1074,3,5,1658,5,1,278,1,7,1259,7,,,,,,
2017年05月26日(金),92631267,あぶり焼きチキン,28,7928,11,,,,,,,,,,1,188,0,1,298,0,1,188,0,2,486,0,3,1176,0,8,2226,0,8,2413,7,3,804,3,,,,1,149,1,,,,,,
2017年05月27日(土),92631267,あぶり焼きチキン,39,10066,19,1,188,0,2,376,0,2,376,0,1,580,0,3,564,0,3,1458,0,2,596,0,3,956,0,1,298,0,6,1653,4,1,268,1,,,,2,339,2,9,1685,9,3,729,3
2017年05月28日(日),92631267,あぶり焼きチキン,52,14481,23,,,,1,178,0,5,1196,0,2,830,0,3,906,0,2,560,0,5,1568,0,1,280,0,9,3126,0,7,2337,6,6,1428,6,3,616,3,8,1456,8,,,,,,
2017年05月29日(月),92631267,あぶり焼きチキン,41,10548,22,2,486,0,1,298,0,2,376,0,1,188,0,,,,4,2038,0,1,188,0,,,,5,1270,0,8,1941,6,3,1088,2,2,416,2,5,1084,5,7,1175,7,,,
2017年05月30日(火),92631267,あぶり焼きチキン,30,7661,15,,,,1,188,0,3,956,0,1,580,0,1,298,0,2,486,0,,,,2,768,0,2,486,0,4,1196,1,2,674,2,2,614,2,7,1133,7,3,282,3,,,
2017年05月31日(水),92631267,あぶり焼きチキン,53,13601,18,1,550,0,3,636,0,6,1374,0,3,1008,0,3,1008,0,,,,2,560,0,5,1736,0,8,1648,4,8,2446,1,,,,5,992,4,2,472,2,3,611,3,4,560,4
2017年06月01日(木),92631267,あぶり焼きチキン,46,15104,22,2,796,0,3,1194,0,2,796,0,3,1194,0,1,398,0,5,1990,0,,,,6,2388,0,2,796,0,1,358,1,5,1615,5,4,1112,4,10,2069,10,2,398,2,,,
2017年06月02日(金),92631267,あぶり焼きチキン,16,2981,11,1,188,0,,,,,,,,,,,,,1,188,0,1,188,0,1,188,0,,,,3,724,2,2,536,2,2,388,2,1,150,1,4,431,4,,,
2017年06月03日(土),92631267,あぶり焼きチキン,20,4070,14,,,,1,298,0,1,298,0,1,188,0,1,188,0,,,,2,596,0,,,,4,874,4,3,705,3,1,131,1,4,604,4,2,188,2,,,,,,
2017年06月04日(日),92631267,あぶり焼きチキン,44,11932,15,2,376,0,1,188,0,3,674,0,1,298,0,3,784,0,4,1082,0,3,1066,0,5,1552,0,5,1772,0,1,522,1,6,1802,4,4,1178,4,2,262,2,4,376,4,,,
2017年06月05日(月),92631267,あぶり焼きチキン,18,5298,6,2,486,0,2,878,0,2,486,0,,,,1,188,0,,,,1,298,0,4,1254,0,1,268,1,2,536,2,,,,2,614,2,1,290,1,,,,,,
2017年06月06日(火),92631267,あぶり焼きチキン,20,3941,11,,,,1,298,0,,,,2,486,0,,,,2,486,0,1,188,0,1,298,0,,,,3,754,1,,,,3,519,3,4,575,4,3,337,3,,,
2017年06月07日(水),92631267,あぶり焼きチキン,26,6880,13,1,298,0,,,,2,376,0,3,894,0,,,,2,486,0,1,188,0,3,674,0,1,298,0,4,1227,4,3,1058,3,2,362,2,4,1019,4,,,,,,
2017年06月08日(木),92631267,あぶり焼きチキン,31,9927,17,,,,2,796,0,1,398,0,1,398,0,,,,2,796,0,1,398,0,2,796,0,1,398,0,6,2308,2,2,489,2,7,1906,7,5,1085,5,1,159,1,,,
2017年06月09日(金),92631267,あぶり焼きチキン,16,3365,4,,,,,,,3,564,0,,,,1,298,0,2,486,0,1,188,0,2,486,0,2,376,0,2,456,1,1,268,1,,,,2,243,2,,,,,,
2017年06月10日(土),92631267,あぶり焼きチキン,10,2248,5,,,,,,,1,188,0,,,,1,298,0,,,,,,,1,298,0,2,596,0,1,268,1,2,338,2,2,262,2,,,,,,,,,
2017年06月11日(日),92631267,あぶり焼きチキン,87,31978,22,,,,5,1662,0,5,1270,0,7,2430,0,6,2070,0,6,2752,0,9,2744,0,11,3684,0,12,5048,0,13,4476,12,9,5267,6,1,238,1,3,337,3,,,,,,
2017年06月12日(月),92631267,あぶり焼きチキン,31,8753,16,1,188,0,1,188,0,4,1364,0,1,298,0,4,972,0,1,298,0,2,486,0,1,188,0,4,1227,4,4,874,4,6,2056,6,1,406,1,1,208,1,,,,,,
2017年06月13日(火),92631267,あぶり焼きチキン,18,4777,13,,,,,,,,,,1,298,0,3,1458,0,,,,,,,1,188,0,,,,6,1311,6,3,585,3,1,208,1,3,729,3,,,,,,
2017年06月14日(水),92631267,あぶり焼きチキン,36,8279,18,,,,2,486,0,2,376,0,3,1066,0,3,784,0,1,188,0,2,596,0,1,188,0,2,486,0,5,1445,3,1,268,1,4,543,4,7,1270,7,3,583,3,,,
2017年06月15日(木),92631267,あぶり焼きチキン,37,10803,27,,,,1,398,0,1,398,0,,,,2,796,0,2,796,0,1,398,0,,,,2,796,0,4,1472,3,2,541,2,10,2820,10,8,1592,8,4,796,4,,,
2017年06月16日(金),92631267,あぶり焼きチキン,20,3888,10,,,,,,,,,,,,,2,486,0,2,596,0,1,298,0,2,486,0,3,564,0,1,169,1,1,169,1,2,281,2,6,839,6,,,,,,
2017年06月17日(土),92631267,あぶり焼きチキン,20,4245,8,,,,4,1082,0,,,,,,,,,,1,188,0,1,188,0,2,486,0,3,784,0,,,,1,298,0,2,339,2,2,300,2,4,580,4,,,
2017年06月18日(日),92631267,あぶり焼きチキン,94,36964,39,,,,4,1192,0,8,5158,0,5,1772,0,2,878,0,9,4092,0,5,1944,0,10,4128,1,10,4410,1,10,4146,7,7,3442,6,8,2092,8,7,1896,7,9,1814,9,,,
2017年06月19日(月),92631267,あぶり焼きチキン,29,7033,20,1,298,0,,,,1,298,0,1,188,0,,,,,,,,,,2,596,0,8,2199,4,7,1833,7,2,730,2,1,131,1,3,478,3,3,282,3,,,
2017年06月20日(火),92631267,あぶり焼きチキン,10,1912,7,,,,,,,,,,,,,,,,,,,,,,3,784,0,1,169,1,1,169,1,1,131,1,2,416,2,2,243,2,,,,,,
2017年06月21日(水),92631267,あぶり焼きチキン,34,9521,17,2,486,0,,,,3,674,0,5,1270,0,1,580,0,1,188,0,4,1082,0,,,,1,580,0,6,2073,6,4,874,4,3,1059,3,2,357,2,2,298,2,,,
2017年06月22日(木),92631267,あぶり焼きチキン,25,7680,15,1,398,0,1,398,0,2,796,0,,,,3,1194,0,,,,,,,2,796,0,2,756,1,,,,2,480,2,5,1390,5,3,676,3,4,796,4,,,
2017年06月23日(金),92631267,あぶり焼きチキン,10,2054,6,1,188,0,1,298,0,1,188,0,,,,,,,1,188,0,,,,,,,,,,1,169,1,1,268,1,1,131,1,3,624,3,,,,,,
2017年06月24日(土),92631267,あぶり焼きチキン,20,4176,11,,,,,,,1,298,0,2,486,0,1,188,0,1,188,0,1,188,0,1,298,0,5,1400,3,1,268,1,,,,2,300,2,5,562,5,,,,,,
2017年06月25日(日),92631267,あぶり焼きチキン,33,8332,15,,,,1,298,0,1,188,0,3,894,0,,,,,,,2,376,0,1,188,0,6,1960,0,5,1705,1,4,894,4,4,1286,4,,,,4,393,4,2,150,2
2017年06月26日(月),92631267,あぶり焼きチキン,37,9450,15,1,580,0,2,596,0,2,376,0,2,486,0,2,486,0,2,486,0,,,,5,1662,0,3,674,0,5,1798,3,4,1180,3,1,208,1,6,730,6,2,188,2,,,
2017年06月27日(火),92631267,あぶり焼きチキン,10,2243,7,,,,,,,1,398,0,1,188,0,,,,,,,,,,,,,1,188,0,1,358,1,2,556,2,2,262,2,2,293,2,,,,,,
2017年06月28日(水),92631267,あぶり焼きチキン,29,7528,17,,,,,,,2,376,0,3,674,0,2,486,0,,,,4,1254,0,1,580,0,4,973,4,6,1466,6,3,959,3,1,208,1,2,262,2,1,290,1,,,
2017年06月29日(木),92631267,あぶり焼きチキン,26,8493,17,,,,2,796,0,,,,2,796,0,1,398,0,1,398,0,1,398,0,2,796,0,1,358,1,7,2402,7,3,918,3,,,,5,1034,5,1,199,1,,,
2017年06月30日(金),92631267,あぶり焼きチキン,10,1979,8,,,,,,,,,,,,,,,,1,298,0,1,188,0,,,,2,437,2,1,169,1,1,169,1,3,624,3,1,94,1,,,,,,
2017年07月01日(土),92631267,あぶり焼きチキン,54,16587,10,2,596,0,1,188,0,5,1522,0,,,,5,1234,0,3,748,0,3,1018,0,10,3518,0,7,2408,0,5,1448,2,8,2355,3,3,1104,3,2,448,2,,,,,,
2017年07月02日(日),92631267,あぶり焼きチキン,48,13066,17,,,,,,,3,784,0,2,486,0,5,1834,0,4,1082,0,5,1834,0,4,1254,0,7,2278,3,3,959,3,2,486,0,3,804,1,1,119,1,9,1146,9,,,
2017年07月03日(月),92631267,あぶり焼きチキン,27,6857,13,,,,1,298,0,2,768,0,,,,3,1066,0,,,,2,486,0,1,298,0,4,953,1,2,467,1,1,188,0,4,1002,4,5,1143,5,2,188,2,,,
2017年07月04日(火),92631267,あぶり焼きチキン,10,1793,9,,,,,,,,,,,,,,,,,,,1,188,0,,,,,,,3,606,3,2,476,2,1,131,1,2,298,2,1,94,1,,,
2017年07月05日(水),92631267,あぶり焼きチキン,30,7904,16,,,,1,188,0,,,,1,298,0,,,,,,,,,,6,1458,0,2,768,0,7,1970,3,4,1109,4,3,1078,3,6,1035,6,,,,,,
2017年07月06日(木),92631267,あぶり焼きチキン,17,5554,12,1,398,0,,,,1,398,0,,,,,,,,,,,,,3,1194,0,3,1074,3,4,1432,4,2,461,2,,,,2,398,2,1,199,1,,,
2017年07月07日(金),92631267,あぶり焼きチキン,20,4494,9,,,,,,,1,188,0,,,,2,596,0,,,,1,188,0,3,674,0,3,894,0,2,437,2,3,735,2,3,538,3,1,150,1,1,94,1,,,
2017年07月08日(土),92631267,あぶり焼きチキン,20,3729,14,,,,1,188,0,1,298,0,,,,1,298,0,1,298,0,,,,1,188,0,1,298,0,3,606,3,3,488,3,,,,5,694,5,3,373,3,,,
2017年07月09日(日),92631267,あぶり焼きチキン,52,13722,32,,,,,,,5,1724,0,1,298,0,3,1066,0,2,486,0,1,580,0,6,1740,0,1,580,0,7,1990,6,7,2225,7,2,446,2,7,1537,7,10,1050,10,,,
2017年07月10日(月),92631267,あぶり焼きチキン,20,4152,12,,,,,,,2,376,0,1,298,0,,,,,,,1,298,0,2,596,0,2,376,0,6,1311,6,,,,2,300,2,4,597,4,,,,,,
2017年07月11日(火),92631267,あぶり焼きチキン,31,7785,16,1,298,0,2,768,0,2,486,0,2,486,0,,,,,,,2,486,0,2,486,0,2,486,0,8,1698,6,1,268,1,5,1163,5,,,,4,1160,4,,,
2017年07月12日(水),92631267,あぶり焼きチキン,43,10471,23,,,,2,376,0,3,674,0,1,188,0,1,188,0,1,298,0,3,784,0,2,596,0,5,1503,2,7,1901,4,4,1552,3,3,431,3,1,208,1,5,1027,5,5,745,5
2017年07月13日(木),92631267,あぶり焼きチキン,25,9197,9,1,398,0,1,398,0,2,796,0,1,398,0,2,796,0,1,398,0,1,398,0,1,398,0,3,1154,1,4,1512,2,5,1716,3,2,636,2,1,199,1,,,,,,
2017年07月14日(金),92631267,あぶり焼きチキン,35,11199,13,2,848,0,2,486,0,,,,3,1146,0,2,596,0,,,,1,298,0,3,1318,0,7,1866,0,10,3688,8,3,507,3,2,446,2,,,,,,,,,
2017年07月15日(土),92631267,あぶり焼きチキン,18,3588,11,,,,,,,1,188,0,2,486,0,,,,,,,,,,1,298,0,3,784,0,4,874,4,1,169,1,3,393,3,2,302,2,1,94,1,,,
2017年07月16日(日),92631267,あぶり焼きチキン,65,16806,25,3,738,0,3,738,0,8,2780,0,1,280,0,8,2846,0,6,1578,0,3,534,0,5,1518,0,3,636,0,3,480,3,3,1242,3,2,348,2,6,873,6,11,2215,11,,,
2017年07月17日(月),92631267,あぶり焼きチキン,36,9796,21,1,298,0,1,298,0,1,188,0,2,878,0,1,298,0,1,298,0,2,768,0,6,2304,0,1,268,1,3,1058,3,5,1082,5,1,406,1,7,1111,7,4,541,4,,,
2017年07月18日(火),92631267,あぶり焼きチキン,30,9096,14,,,,1,580,0,2,486,0,2,486,0,1,188,0,2,1160,0,2,596,0,3,1066,0,5,1503,2,9,2524,9,3,507,3,,,,,,,,,,,,
2017年07月19日(水),92631267,あぶり焼きチキン,58,15660,29,2,768,0,2,596,0,4,972,0,2,486,0,4,1364,0,1,580,0,2,486,0,5,1160,0,4,1756,0,5,1570,4,6,1509,4,10,2588,10,9,1637,9,2,188,2,,,
2017年07月20日(木),92631267,あぶり焼きチキン,24,8472,19,,,,,,,1,398,0,,,,2,796,0,1,398,0,1,398,0,,,,3,1074,3,8,2864,8,5,1710,5,3,834,3,,,,,,,,,
2017年07月21日(金),92631267,あぶり焼きチキン,38,11562,6,1,188,0,3,784,0,1,188,0,3,894,0,3,784,0,2,878,0,3,674,0,5,1552,0,4,1082,0,9,3182,4,3,1118,1,1,238,1,,,,,,,,,
2017年07月22日(土),92631267,あぶり焼きチキン,42,11542,24,1,188,0,,,,,,,4,1646,0,4,1254,0,3,1348,0,,,,2,1160,0,2,848,1,11,2547,9,1,188,0,6,1330,6,6,790,6,2,243,2,,,
2017年07月23日(日),92631267,あぶり焼きチキン,61,18841,19,2,596,0,2,596,0,9,3590,0,4,1364,0,3,1176,0,2,768,0,10,3104,0,7,2038,0,2,768,0,6,1683,5,3,744,3,5,1161,5,6,1253,6,,,,,,
2017年07月24日(月),92631267,あぶり焼きチキン,40,9788,20,2,376,0,,,,3,1176,0,4,972,0,1,188,0,1,580,0,1,188,0,3,784,0,5,1423,1,4,893,3,1,268,1,2,358,2,6,1458,6,6,1035,6,1,89,1
2017年07月25日(火),92631267,あぶり焼きチキン,15,3003,9,,,,1,188,0,1,188,0,,,,,,,1,188,0,1,298,0,1,298,0,1,298,0,4,775,4,,,,4,639,4,1,131,1,,,,,,
2017年07月26日(水),92631267,あぶり焼きチキン,36,10377,16,2,486,0,1,188,0,2,486,0,3,784,0,2,878,0,3,1066,0,2,486,0,,,,5,1895,2,5,1749,5,4,1216,2,2,416,2,3,429,3,2,298,2,,,
2017年07月27日(木),92631267,あぶり焼きチキン,25,8577,16,,,,,,,,,,2,796,0,,,,1,398,0,1,398,0,3,1194,0,7,2586,5,4,1432,4,2,541,2,3,834,3,2,398,2,,,,,,
2017年07月28日(金),92631267,あぶり焼きチキン,23,7791,7,,,,,,,3,926,0,1,298,0,,,,1,188,0,2,848,0,8,2810,0,3,1313,2,4,1200,4,,,,1,208,1,,,,,,,,,
2017年07月29日(土),92631267,あぶり焼きチキン,36,10060,18,,,,,,,,,,4,862,0,1,298,0,4,1364,0,2,768,0,7,2994,0,2,437,2,6,1410,6,5,946,5,3,624,3,2,357,2,,,,,,
2017年07月30日(日),92631267,あぶり焼きチキン,51,15420,19,3,564,0,3,784,0,7,2602,0,2,486,0,5,1662,0,1,580,0,4,972,0,1,298,0,12,3553,6,1,268,1,4,1580,4,1,464,1,7,1607,7,,,,,,
2017年07月31日(月),92631267,あぶり焼きチキン,25,7042,14,,,,,,,1,188,0,1,188,0,,,,1,298,0,4,1144,0,3,956,0,3,724,2,7,2384,7,2,536,2,3,624,3,,,,,,,,,
2017年08月01日(火),92631267,あぶり焼きチキン,52,12376,30,1,298,0,4,862,0,3,674,0,1,580,0,1,188,0,3,956,0,1,298,0,2,486,0,5,1320,2,3,864,1,8,2394,8,3,942,2,6,837,6,10,1583,10,1,94,1
2017年08月02日(水),92631267,あぶり焼きチキン,39,11669,16,2,878,0,1,298,0,2,878,0,3,894,0,3,784,0,3,784,0,2,376,0,4,1646,0,3,1458,0,3,1058,3,2,407,2,4,845,4,4,667,4,3,696,3,,,
2017年08月03日(木),92631267,あぶり焼きチキン,31,10541,15,,,,,,,2,796,0,3,1194,0,1,398,0,,,,3,1194,0,1,398,0,6,2178,0,4,1432,4,6,1748,6,3,834,3,2,369,2,,,,,,
2017年08月04日(金),92631267,あぶり焼きチキン,40,9824,20,3,784,0,2,486,0,1,298,0,2,486,0,2,738,0,3,784,0,1,188,0,1,298,0,5,2136,0,4,1072,4,3,685,3,5,732,5,5,690,5,3,447,3,,,
2017年08月05日(土),92631267,あぶり焼きチキン,37,11319,10,2,486,0,3,784,0,2,376,0,3,1458,0,5,1270,0,2,768,0,,,,8,2618,0,2,376,0,3,959,3,3,1312,3,2,614,2,2,298,2,,,,,,
2017年08月06日(日),92631267,あぶり焼きチキン,53,15131,19,2,768,0,4,972,0,8,2164,0,2,596,0,2,878,0,3,1176,0,4,1144,0,5,1944,0,4,1364,0,8,2355,8,4,776,4,2,262,2,5,732,5,,,,,,
2017年08月07日(月),92631267,あぶり焼きチキン,25,6075,14,2,376,0,1,188,0,3,1176,0,,,,,,,1,188,0,3,784,0,1,298,0,3,507,3,6,1311,6,2,377,2,,,,2,580,2,1,290,1,,,
2017年08月08日(火),92631267,あぶり焼きチキン,27,7524,9,,,,1,188,0,3,564,0,1,298,0,2,486,0,,,,7,2430,0,3,1066,0,2,820,1,5,1142,5,1,268,1,2,262,2,,,,,,,,,
2017年08月09日(水),92631267,あぶり焼きチキン,24,6110,10,,,,,,,6,1458,0,1,298,0,1,580,0,1,188,0,4,1364,0,,,,2,357,1,1,268,1,,,,4,755,4,4,842,4,,,,,,
2017年08月10日(木),92631267,あぶり焼きチキン,34,9289,18,,,,3,1066,0,2,768,0,1,298,0,1,188,0,2,596,0,,,,4,1474,0,3,784,0,5,1749,5,8,1711,8,4,524,4,1,131,1,,,,,,
2017年08月11日(金),92631267,あぶり焼きチキン,54,17250,21,,,,2,596,0,1,298,0,5,2336,0,4,2038,0,2,596,0,5,1944,0,2,878,0,7,2090,1,4,1364,0,3,1118,1,5,1095,5,6,1058,6,8,1839,8,,,
2017年08月12日(土),92631267,あぶり焼きチキン,36,11285,14,,,,2,486,0,2,486,0,3,1458,0,3,1066,0,,,,3,1066,0,7,2320,0,3,1036,1,4,1580,4,6,1329,6,2,339,2,1,119,1,,,,,,
2017年08月13日(日),92631267,あぶり焼きチキン,74,34372,17,3,1858,0,8,4476,0,8,3348,0,4,1874,0,4,1424,0,6,3034,0,9,5010,0,8,3912,0,6,2352,0,9,2950,8,5,2262,5,3,1284,3,1,588,1,,,,,,
2017年08月14日(月),92631267,あぶり焼きチキン,47,19185,19,1,980,0,1,580,0,4,2156,0,2,878,0,,,,7,2086,0,5,2336,0,4,1756,0,3,1858,0,6,2174,5,4,1580,4,1,208,1,2,894,2,6,1610,6,,,
2017年08月15日(火),92631267,あぶり焼きチキン,33,7763,21,3,564,0,2,768,0,,,,,,,2,596,0,5,2226,0,,,,,,,1,169,1,3,959,3,2,338,2,3,470,3,8,1150,8,4,523,4,,,
2017年08月16日(水),92631267,あぶり焼きチキン,13,3493,7,,,,,,,1,188,0,,,,,,,1,298,0,2,596,0,,,,1,188,0,3,1088,2,1,131,1,3,714,3,1,290,1,,,,,,
2017年08月17日(木),92631267,あぶり焼きチキン,25,8274,14,,,,2,796,0,,,,1,398,0,2,796,0,1,398,0,1,398,0,1,398,0,2,756,1,5,1870,3,3,834,3,2,556,2,3,597,3,2,477,2,,,
2017年08月18日(金),92631267,あぶり焼きチキン,11,2505,4,,,,,,,2,596,0,,,,1,188,0,1,298,0,2,596,0,,,,1,188,0,1,169,1,3,470,3,,,,,,,,,,,,
2017年08月19日(土),92631267,あぶり焼きチキン,16,3133,10,,,,,,,2,596,0,1,298,0,,,,1,188,0,1,298,0,,,,1,188,0,3,507,3,3,645,3,1,131,1,3,282,3,,,,,,
2017年08月20日(日),92631267,あぶり焼きチキン,11,2570,6,,,,,,,2,376,0,,,,,,,,,,,,,1,188,0,4,1013,2,1,169,1,1,268,1,,,,2,556,2,,,,,,
2017年08月21日(月),92631267,あぶり焼きチキン,26,6728,12,,,,,,,2,486,0,,,,4,1082,0,1,188,0,,,,1,298,0,3,784,0,3,1066,0,5,1396,5,5,732,5,2,696,2,,,,,,
2017年08月22日(火),92631267,あぶり焼きチキン,19,4232,12,,,,2,376,0,1,188,0,1,188,0,3,984,0,,,,,,,,,,3,696,3,,,,2,716,2,1,131,1,3,356,3,3,597,3,,,
2017年08月23日(水),92631267,あぶり焼きチキン,10,2400,1,,,,,,,6,1458,0,1,188,0,1,188,0,,,,,,,1,298,0,,,,1,268,1,,,,,,,,,,,,,,,
2017年08月24日(木),92631267,あぶり焼きチキン,9,3263,2,,,,1,398,0,4,1592,0,2,796,0,,,,,,,,,,,,,,,,,,,1,278,1,,,,1,199,1,,,,,,
2017年08月25日(金),92631267,あぶり焼きチキン,10,2660,6,,,,,,,2,376,0,1,188,0,,,,1,188,0,,,,,,,,,,2,716,2,2,636,2,1,278,1,1,278,1,,,,,,
2017年08月26日(土),92631267,あぶり焼きチキン,12,3093,7,,,,,,,,,,,,,1,298,0,,,,2,376,0,1,298,0,1,188,0,2,437,2,5,1496,5,,,,,,,,,,,,
2017年08月27日(日),92631267,あぶり焼きチキン,14,2826,8,,,,,,,,,,,,,2,486,0,2,596,0,,,,1,298,0,1,298,0,1,268,1,,,,3,393,3,4,487,4,,,,,,
2017年08月28日(月),92631267,あぶり焼きチキン,12,2633,8,,,,,,,2,486,0,,,,,,,1,298,0,,,,1,298,0,3,507,3,1,169,1,4,875,4,,,,,,,,,,,,
2017年08月29日(火),92631267,あぶり焼きチキン,13,3457,7,,,,,,,3,1380,0,1,280,0,,,,,,,1,188,0,1,188,0,2,504,2,3,590,3,1,196,1,1,131,1,,,,,,,,,
2017年08月30日(水),92631267,あぶり焼きチキン,103,30412,23,2,560,0,5,1564,0,10,2704,0,15,4904,0,13,3650,0,11,3360,0,6,2008,0,11,3948,0,12,3910,6,8,1564,7,9,2044,9,1,196,1,,,,,,,,,
2017年08月31日(木),92631267,あぶり焼きチキン,9,3354,1,,,,,,,,,,2,796,0,1,398,0,,,,4,1592,0,1,398,0,,,,,,,,,,,,,1,170,1,,,,,,
2017年09月01日(金),92631267,あぶり焼きチキン,20,4578,6,,,,,,,5,1242,0,3,646,0,,,,2,472,0,1,188,0,3,894,0,,,,2,437,2,2,437,2,2,262,2,,,,,,,,,
2017年09月02日(土),92631267,あぶり焼きチキン,44,16258,2,,,,1,550,0,1,280,0,8,2780,0,4,1660,0,6,2220,0,5,1670,0,9,4410,0,7,1960,0,1,280,0,1,252,1,1,196,1,,,,,,,,,
2017年09月03日(日),92631267,あぶり焼きチキン,10,2272,3,,,,,,,,,,,,,,,,,,,,,,2,376,0,4,972,0,,,,2,448,1,2,476,2,,,,,,,,,
2017年09月04日(月),92631267,あぶり焼きチキン,20,4892,9,,,,,,,4,1082,0,,,,3,894,0,2,376,0,1,298,0,,,,1,188,0,,,,4,1042,4,3,714,3,2,298,2,,,,,,
2017年09月05日(火),92631267,あぶり焼きチキン,9,2056,2,,,,1,298,0,,,,,,,1,298,0,,,,,,,,,,4,972,0,1,188,0,,,,2,300,2,,,,,,,,,
2017年09月06日(水),92631267,あぶり焼きチキン,15,3920,0,,,,1,298,0,2,596,0,2,596,0,,,,4,1082,0,4,972,0,,,,1,188,0,1,188,0,,,,,,,,,,,,,,,
2017年09月07日(木),92631267,あぶり焼きチキン,20,6508,7,,,,1,398,0,2,796,0,1,398,0,2,796,0,,,,,,,1,398,0,2,796,0,2,796,0,2,738,0,1,318,1,2,398,2,4,676,4,,,
2017年09月08日(金),92631267,あぶり焼きチキン,10,2234,4,,,,,,,,,,1,298,0,1,188,0,,,,,,,1,188,0,1,298,0,,,,2,486,0,3,538,3,1,238,1,,,,,,
2017年09月09日(土),92631267,あぶり焼きチキン,50,12604,20,,,,,,,,,,1,280,0,7,1500,0,2,738,0,4,1120,0,9,3508,0,3,1380,0,4,1206,0,5,824,5,2,374,2,13,1674,13,,,,,,
2017年09月10日(日),92631267,あぶり焼きチキン,68,19620,13,4,936,0,3,1018,0,4,1206,0,7,2316,0,2,560,0,1,280,0,11,3166,0,5,1848,0,10,3248,0,7,2316,0,4,1074,3,3,672,3,6,840,6,1,140,1,,,
2017年09月11日(月),92631267,あぶり焼きチキン,24,6410,7,1,188,0,1,188,0,2,468,0,2,468,0,,,,2,468,0,1,550,0,2,830,0,1,280,0,5,1848,0,,,,,,,7,1122,7,,,,,,
2017年09月12日(火),92631267,あぶり焼きチキン,33,6347,10,,,,1,280,0,1,280,0,,,,,,,1,188,0,5,1216,0,3,748,0,3,564,0,4,844,0,5,1032,0,2,300,2,5,651,5,3,244,3,,,
2017年09月13日(水),92631267,あぶり焼きチキン,44,13282,8,,,,3,1458,0,6,1348,0,1,188,0,2,486,0,3,1176,0,3,674,0,2,878,0,8,3010,0,5,1662,0,6,1300,3,5,1102,5,,,,,,,,,
2017年09月14日(木),92631267,あぶり焼きチキン,23,7242,12,,,,1,398,0,1,398,0,,,,1,398,0,,,,,,,2,796,0,1,398,0,5,1990,0,3,954,3,1,318,1,8,1592,8,,,,,,
2017年09月15日(金),92631267,あぶり焼きチキン,10,2430,0,,,,,,,1,188,0,1,188,0,1,298,0,1,298,0,1,188,0,,,,2,486,0,2,486,0,1,298,0,,,,,,,,,,,,
2017年09月16日(土),92631267,あぶり焼きチキン,10,2430,0,,,,,,,2,486,0,,,,,,,1,188,0,,,,3,674,0,1,188,0,,,,3,894,0,,,,,,,,,,,,
2017年09月17日(日),92631267,あぶり焼きチキン,17,3608,5,,,,,,,1,298,0,2,596,0,1,298,0,2,596,0,1,188,0,2,486,0,1,188,0,1,188,0,1,188,0,1,150,1,4,432,4,,,,,,
2017年09月18日(月),92631267,あぶり焼きチキン,11,2519,2,,,,,,,,,,1,298,0,1,298,0,,,,,,,2,376,0,3,564,0,2,596,0,1,238,1,,,,1,149,1,,,,,,
2017年09月19日(火),92631267,あぶり焼きチキン,28,7624,3,,,,2,768,0,2,768,0,1,298,0,,,,2,486,0,,,,2,376,0,7,2156,0,7,1946,0,4,676,2,1,150,1,,,,,,,,,
2017年09月20日(水),92631267,あぶり焼きチキン,53,12797,20,,,,2,376,0,4,1192,0,6,1458,0,2,486,0,4,862,0,2,596,0,4,1756,0,2,486,0,4,1192,0,4,1248,1,3,852,3,8,1376,8,8,917,8,,,
2017年09月21日(木),92631267,あぶり焼きチキン,38,9694,9,1,280,0,,,,1,280,0,1,280,0,2,560,0,3,840,0,2,560,0,6,1680,0,4,1120,0,5,1400,0,5,1238,1,4,896,4,2,280,2,2,280,2,,,
2017年09月22日(金),92631267,あぶり焼きチキン,13,2684,7,,,,,,,2,486,0,2,486,0,,,,,,,,,,,,,2,486,0,,,,3,538,3,3,538,3,1,150,1,,,,,,
2017年09月23日(土),92631267,あぶり焼きチキン,40,11085,14,4,1082,0,2,596,0,,,,6,1458,0,,,,2,596,0,3,1176,0,2,1160,0,3,564,0,3,1458,0,3,1000,2,4,776,4,6,981,6,2,238,2,,,
2017年09月24日(日),92631267,あぶり焼きチキン,13,2918,2,,,,,,,2,486,0,2,596,0,,,,2,376,0,3,674,0,,,,1,298,0,,,,3,488,2,,,,,,,,,,,,
2017年09月25日(月),92631267,あぶり焼きチキン,43,11001,11,,,,4,1254,0,,,,1,188,0,3,1176,0,2,486,0,3,674,0,5,1270,0,7,2038,0,5,1552,0,3,526,1,2,614,2,6,925,6,2,298,2,,,
2017年09月26日(火),92631267,あぶり焼きチキン,39,8253,19,,,,1,188,0,1,298,0,,,,2,376,0,1,188,0,3,784,0,3,956,0,4,972,0,5,940,0,5,1014,5,3,714,3,7,1077,7,3,456,3,,,
2017年09月27日(水),92631267,あぶり焼きチキン,12,2572,5,,,,,,,1,298,0,1,188,0,,,,,,,1,188,0,1,188,0,1,188,0,2,596,0,4,776,4,1,150,1,,,,,,,,,
2017年09月28日(木),92631267,あぶり焼きチキン,19,6352,6,,,,,,,,,,1,398,0,1,398,0,2,498,0,1,398,0,1,398,0,1,398,0,6,2194,0,2,636,2,2,636,2,2,398,2,,,,,,
2017年09月29日(金),92631267,あぶり焼きチキン,10,2250,3,,,,,,,,,,1,188,0,,,,,,,1,188,0,2,486,0,2,376,0,1,298,0,,,,3,714,3,,,,,,,,,
2017年09月30日(土),92631267,あぶり焼きチキン,14,3244,7,,,,,,,,,,,,,,,,,,,2,486,0,1,188,0,1,298,0,3,784,0,1,238,1,4,952,4,2,298,2,,,,,,
2017年10月01日(日),92631267,あぶり焼きチキン,39,11508,9,,,,3,784,0,2,376,0,7,1756,0,3,784,0,4,1928,0,4,1082,0,3,894,0,2,596,0,1,298,0,2,448,1,4,1228,4,3,1044,3,1,290,1,,,
2017年10月02日(月),92631267,あぶり焼きチキン,32,8694,13,,,,2,486,0,1,188,0,1,580,0,2,586,0,,,,6,2332,0,1,188,0,2,768,0,2,586,0,4,1064,2,1,150,1,9,1567,9,1,199,1,,,
2017年10月03日(火),92631267,あぶり焼きチキン,25,6084,6,,,,1,188,0,1,298,0,1,188,0,1,188,0,3,674,0,3,784,0,1,188,0,1,298,0,4,1144,0,6,1322,3,,,,2,580,2,1,232,1,,,
2017年10月04日(水),92631267,あぶり焼きチキン,35,8916,9,,,,,,,2,376,0,3,674,0,,,,5,1380,0,3,564,0,5,1270,0,2,878,0,4,1254,0,3,834,1,5,1064,5,2,528,2,1,94,1,,,
2017年10月05日(木),92631267,あぶり焼きチキン,19,6424,5,,,,,,,1,398,0,1,398,0,,,,,,,2,796,0,2,796,0,2,796,0,5,1990,0,1,136,0,,,,5,1114,5,,,,,,
2017年10月06日(金),92631267,あぶり焼きチキン,10,2085,5,,,,,,,,,,1,298,0,,,,,,,,,,2,376,0,1,188,0,1,298,0,1,150,1,3,626,3,1,149,1,,,,,,
2017年10月07日(土),92631267,あぶり焼きチキン,46,13484,4,1,188,0,4,1028,0,,,,1,188,0,3,926,0,3,1110,0,10,2610,0,3,1288,0,12,4348,0,5,1124,0,1,150,1,2,374,2,1,150,1,,,,,,
2017年10月08日(日),92631267,あぶり焼きチキン,11,2581,2,,,,2,596,0,1,298,0,2,486,0,,,,,,,1,188,0,,,,,,,1,298,0,3,507,1,1,208,1,,,,,,,,,
2017年10月09日(月),92631267,あぶり焼きチキン,10,2370,1,,,,,,,1,188,0,1,188,0,1,298,0,1,298,0,1,188,0,4,972,0,,,,,,,,,,,,,1,238,1,,,,,,
2017年10月10日(火),92631267,あぶり焼きチキン,31,8507,7,,,,1,188,0,,,,1,580,0,3,564,0,5,1552,0,2,768,0,3,564,0,6,1458,0,3,1066,0,2,476,2,2,388,2,3,903,3,,,,,,
2017年10月11日(水),92631267,あぶり焼きチキン,22,4038,9,,,,1,298,0,2,486,0,2,376,0,1,188,0,,,,,,,1,188,0,,,,5,1160,0,1,298,0,1,238,1,1,149,1,5,463,5,2,194,2
2017年10月12日(木),92631267,あぶり焼きチキン,10,2029,5,,,,1,188,0,1,188,0,,,,,,,,,,,,,,,,1,188,0,1,298,0,2,536,1,2,388,2,2,243,2,,,,,,
2017年10月13日(金),92631267,あぶり焼きチキン,31,10641,14,,,,,,,,,,4,1592,0,1,398,0,,,,5,1990,0,,,,1,398,0,6,2388,0,2,535,2,6,1908,6,6,1432,6,,,,,,
2017年10月14日(土),92631267,あぶり焼きチキン,29,8230,7,1,298,0,2,486,0,2,376,0,1,188,0,1,580,0,2,486,0,4,862,0,1,298,0,5,2336,0,2,376,0,5,1356,4,,,,2,439,2,1,149,1,,,
2017年10月15日(日),92631267,あぶり焼きチキン,18,4398,4,,,,,,,,,,2,596,0,3,894,0,,,,1,298,0,2,486,0,1,298,0,3,674,0,2,376,0,4,776,4,,,,,,,,,
2017年10月16日(月),92631267,あぶり焼きチキン,28,8079,7,,,,1,298,0,1,298,0,2,596,0,3,956,0,2,1160,0,2,486,0,3,674,0,2,376,0,4,1474,0,5,1226,4,2,460,2,,,,1,75,1,,,
2017年10月17日(火),92631267,あぶり焼きチキン,31,6714,6,,,,2,486,0,,,,3,784,0,1,188,0,4,972,0,2,486,0,5,1160,0,2,486,0,4,752,0,4,886,2,4,514,4,,,,,,,,,
2017年10月19日(木),92631267,あぶり焼きチキン,24,8396,8,,,,,,,1,398,0,,,,1,398,0,4,1592,0,,,,,,,4,1592,0,4,1592,0,3,1114,1,3,954,3,4,756,4,,,,,,
2017年10月20日(金),92631267,あぶり焼きチキン,20,4419,6,,,,,,,,,,3,674,0,2,486,0,3,674,0,1,298,0,,,,2,486,0,2,486,0,4,845,3,3,470,3,,,,,,,,,
2017年10月21日(土),92631267,あぶり焼きチキン,10,2212,4,,,,,,,,,,,,,,,,,,,1,298,0,1,188,0,1,188,0,2,376,0,1,298,0,3,626,3,1,238,1,,,,,,
2017年10月22日(日),92631267,あぶり焼きチキン,30,6854,7,,,,,,,1,298,0,2,486,0,1,298,0,1,188,0,6,1348,0,2,596,0,2,596,0,2,596,0,10,2092,4,1,131,1,2,225,2,,,,,,
2017年10月23日(月),92631267,あぶり焼きチキン,27,6610,9,,,,1,188,0,1,188,0,1,188,0,2,486,0,,,,7,2038,0,2,768,0,1,298,0,3,784,0,3,764,3,2,476,2,2,244,2,2,188,2,,,
2017年10月24日(火),92631267,あぶり焼きチキン,35,9045,15,1,298,0,1,188,0,1,298,0,1,188,0,1,298,0,2,486,0,3,674,0,4,2038,0,1,188,0,4,1254,0,3,1116,2,3,626,3,3,481,3,5,580,5,2,332,2
2017年10月25日(水),92631267,あぶり焼きチキン,51,13474,8,2,830,0,2,376,0,5,1216,0,3,656,0,3,656,0,5,1394,0,4,1568,0,7,2132,0,3,748,0,6,1944,0,4,1064,1,1,224,1,5,572,5,1,94,1,,,
2017年10月26日(木),92631267,あぶり焼きチキン,15,5133,6,,,,,,,,,,1,398,0,2,796,0,,,,1,398,0,2,796,0,2,796,0,1,398,0,,,,1,318,1,5,1233,5,,,,,,
2017年10月27日(金),92631267,あぶり焼きチキン,10,2184,3,,,,,,,,,,2,486,0,1,188,0,2,376,0,,,,,,,1,298,0,1,298,0,,,,2,300,2,1,238,1,,,,,,
2017年10月28日(土),92631267,あぶり焼きチキン,10,2336,1,,,,,,,,,,2,486,0,2,596,0,,,,1,298,0,,,,2,486,0,1,188,0,1,188,0,,,,1,94,1,,,,,,
2017年10月29日(日),92631267,あぶり焼きチキン,23,4709,10,,,,2,596,0,,,,2,596,0,1,188,0,3,784,0,,,,2,486,0,,,,3,784,0,,,,5,750,5,5,525,5,,,,,,
2017年10月30日(月),92631267,あぶり焼きチキン,26,7298,5,,,,2,486,0,,,,2,376,0,,,,3,674,0,5,1834,0,,,,4,862,0,4,1474,0,2,818,1,1,238,1,3,536,3,,,,,,
2017年10月31日(火),92631267,あぶり焼きチキン,19,5264,4,,,,1,188,0,2,486,0,,,,,,,1,188,0,3,784,0,1,188,0,1,298,0,5,1552,0,3,1000,2,,,,2,580,2,,,,,,
2017年11月01日(水),92631267,あぶり焼きチキン,35,8400,13,,,,4,1254,0,3,784,0,3,674,0,,,,2,878,0,1,188,0,5,1270,0,3,784,0,1,188,0,3,450,3,6,1302,6,4,628,4,,,,,,
2017年11月02日(木),92631267,あぶり焼きチキン,2,434,2,,,,,,,,,,,,,,,,,,,,,,,,,,,,,,,2,434,2,,,,,,,,,,,,
2017年11月03日(金),92631267,あぶり焼きチキン,10,2336,1,,,,,,,,,,,,,1,298,0,5,1270,0,1,188,0,2,486,0,,,,,,,,,,,,,1,94,1,,,,,,
2017年11月04日(土),92631267,あぶり焼きチキン,10,2336,1,,,,,,,,,,1,298,0,,,,,,,,,,2,486,0,2,486,0,4,972,0,,,,,,,,,,1,94,1,,,
2017年11月05日(日),92631267,あぶり焼きチキン,10,2430,0,,,,,,,6,1568,0,,,,2,376,0,,,,1,188,0,1,298,0,,,,,,,,,,,,,,,,,,,,,
2017年11月06日(月),92631267,あぶり焼きチキン,40,9183,15,,,,1,188,0,2,768,0,3,784,0,3,784,0,,,,4,1144,0,1,298,0,4,1082,0,3,674,0,5,1210,1,3,626,3,5,951,5,6,674,6,,,
2017年11月07日(火),92631267,あぶり焼きチキン,27,7800,1,,,,4,1536,0,1,188,0,2,596,0,3,1066,0,1,298,0,2,376,0,2,486,0,5,1270,0,6,1520,0,1,464,1,,,,,,,,,,,,
2017年11月08日(水),92631267,あぶり焼きチキン,10,2092,4,,,,,,,,,,1,298,0,1,188,0,,,,,,,,,,1,298,0,1,298,0,3,636,1,1,150,1,1,149,1,1,75,1,,,
2017年11月22日(水),92631267,あぶり焼きチキン,10,2430,0,,,,,,,,,,,,,2,486,0,,,,2,596,0,2,486,0,,,,4,862,0,,,,,,,,,,,,,,,
2017年11月23日(木),92631267,あぶり焼きチキン,42,12464,2,,,,3,564,0,3,674,0,3,1176,0,6,2070,0,4,1646,0,7,2148,0,5,1270,0,4,1144,0,4,1144,0,2,338,1,,,,1,290,1,,,,,,
2017年11月24日(金),92631267,あぶり焼きチキン,9,2352,0,,,,,,,1,298,0,,,,2,596,0,2,486,0,3,674,0,,,,,,,1,298,0,,,,,,,,,,,,,,,
2017年11月25日(土),92631267,あぶり焼きチキン,39,9906,8,,,,3,1066,0,1,188,0,2,486,0,5,1662,0,4,1254,0,3,674,0,3,1176,0,7,1756,0,3,674,0,,,,3,538,3,2,188,2,3,244,3,,,
2017年11月26日(日),92631267,あぶり焼きチキン,72,19715,24,,,,4,1192,0,6,2022,0,7,2540,0,2,486,0,6,2132,0,3,784,0,6,1850,0,6,1960,0,8,2446,0,5,1102,5,6,1252,6,6,956,6,7,993,7,,,
2017年11月28日(火),92631267,あぶり焼きチキン,9,1974,3,,,,,,,,,,,,,,,,,,,1,188,0,1,188,0,1,298,0,2,486,0,2,426,1,2,388,2,,,,,,,,,
2017年11月29日(水),92631267,あぶり焼きチキン,10,2392,1,,,,1,298,0,2,596,0,,,,1,188,0,2,486,0,,,,1,298,0,1,188,0,1,188,0,,,,1,150,1,,,,,,,,,
2017年11月30日(木),92631267,あぶり焼きチキン,4,1136,2,,,,,,,,,,,,,,,,,,,,,,,,,,,,2,738,0,,,,,,,2,398,2,,,,,,
2017年12月01日(金),92631267,あぶり焼きチキン,62,14935,30,,,,1,298,0,3,564,0,4,862,0,5,1160,0,4,2038,0,2,596,0,7,2086,0,2,596,0,5,1828,2,7,1176,6,7,1402,7,10,1749,10,5,580,5,,,
2017年12月02日(土),92631267,あぶり焼きチキン,30,8254,4,,,,1,580,0,1,188,0,,,,,,,,,,3,840,0,7,1862,0,4,1660,0,10,2702,0,,,,,,,4,422,4,,,,,,
2017年12月03日(日),92631267,あぶり焼きチキン,79,23655,16,,,,3,1066,0,4,1082,0,8,2384,0,6,2132,0,2,596,0,6,1740,0,11,3692,0,13,4782,0,8,2336,0,3,834,1,9,2248,9,4,575,4,2,188,2,,,
2017年12月04日(月),92631267,あぶり焼きチキン,37,9028,10,2,596,0,1,188,0,2,596,0,1,298,0,2,338,1,2,768,0,5,1160,0,5,1442,0,3,894,0,4,862,0,4,814,3,4,688,4,2,384,2,,,,,,
2017年12月05日(火),92631267,あぶり焼きチキン,25,7298,0,2,596,0,2,588,0,1,298,0,,,,6,1740,0,2,580,0,2,580,0,4,1168,0,3,878,0,2,580,0,1,290,0,,,,,,,,,,,,
2017年12月06日(水),92631267,あぶり焼きチキン,43,11755,6,,,,1,298,0,5,1552,0,7,1536,0,9,2414,0,3,1176,0,,,,6,1678,0,2,768,0,2,486,0,5,1306,3,1,102,1,2,439,2,,,,,,
2017年12月08日(金),92631267,あぶり焼きチキン,35,8501,12,,,,1,188,0,1,188,0,,,,2,878,0,2,486,0,7,1646,0,1,580,0,2,596,0,4,1474,0,4,1106,1,4,600,4,1,94,1,6,665,6,,,
2017年12月09日(土),92631267,あぶり焼きチキン,20,4520,6,,,,,,,,,,4,1192,0,1,298,0,3,564,0,,,,3,894,0,,,,2,486,0,1,298,0,4,600,4,1,94,1,1,94,1,,,
2017年12月10日(日),92631267,あぶり焼きチキン,89,28943,10,2,596,0,5,1490,0,7,2430,0,7,2038,0,4,1254,0,10,3222,0,9,4100,0,11,4084,0,11,4194,0,11,3574,0,6,1064,4,3,450,3,3,447,3,,,,,,
2017年12月11日(月),92631267,あぶり焼きチキン,37,9894,7,,,,,,,1,298,0,5,1552,0,4,972,0,3,564,0,2,486,0,2,486,0,2,486,0,8,2900,0,8,1622,5,1,238,1,1,290,1,,,,,,
2017年12月12日(火),92631267,あぶり焼きチキン,34,8155,12,,,,,,,1,298,0,4,862,0,1,580,0,1,188,0,4,1082,0,2,486,0,4,1364,0,2,596,0,3,564,0,6,1265,6,6,870,6,,,,,,
2017年12月13日(水),92631267,あぶり焼きチキン,34,8858,7,,,,2,596,0,3,674,0,2,596,0,2,878,0,2,878,0,1,188,0,6,2242,0,2,486,0,4,862,0,4,802,1,1,150,1,4,431,4,,,,1,75,1
2017年12月14日(木),92631267,あぶり焼きチキン,29,10586,6,,,,,,,,,,4,1592,0,3,1194,0,2,796,0,2,796,0,3,1194,0,2,796,0,4,1592,0,3,1194,0,1,318,1,5,1114,5,,,,,,
2017年12月15日(金),92631267,あぶり焼きチキン,33,11102,1,,,,1,298,0,1,188,0,3,1348,0,3,784,0,2,596,0,2,768,0,7,2822,0,5,1724,0,7,2038,0,2,536,1,,,,,,,,,,,,
2017年12月16日(土),92631267,あぶり焼きチキン,63,23380,2,2,796,0,2,840,0,4,1376,0,2,948,0,2,948,0,6,1740,0,12,4648,0,9,3238,0,13,4678,0,8,3012,0,3,1156,2,,,,,,,,,,,,
2017年12月17日(日),92631267,あぶり焼きチキン,56,15877,11,3,674,0,7,1866,0,1,188,0,7,2430,0,2,878,0,4,1756,0,3,1066,0,6,1850,0,6,1960,0,4,1082,0,4,852,2,,,,4,628,4,5,647,5,,,
2017年12月18日(月),92631267,あぶり焼きチキン,37,9100,10,3,564,0,2,596,0,,,,3,784,0,2,596,0,7,2038,0,,,,3,674,0,1,188,0,6,1678,0,4,600,4,1,150,1,5,1232,5,,,,,,
2017年12月19日(火),92631267,あぶり焼きチキン,30,8614,3,,,,,,,4,1168,0,3,870,0,1,298,0,6,1740,0,2,580,0,4,1184,0,5,1474,0,2,580,0,,,,3,720,3,,,,,,,,,
2017年12月20日(水),92631267,あぶり焼きチキン,48,12358,15,,,,1,298,0,3,674,0,3,994,0,4,972,0,3,674,0,5,1662,0,7,2148,0,2,878,0,2,596,0,5,1366,2,3,714,3,8,1084,8,2,298,2,,,
2017年12月21日(木),92631267,あぶり焼きチキン,33,7464,16,,,,2,596,0,2,486,0,,,,2,768,0,2,486,0,,,,4,1364,0,2,768,0,2,486,0,3,1056,2,1,150,1,2,298,2,11,1006,11,,,
2017年12月22日(金),92631267,あぶり焼きチキン,43,11194,10,,,,,,,1,188,0,5,1160,0,2,878,0,2,376,0,3,784,0,6,2634,0,3,784,0,11,3058,0,1,150,1,6,900,6,3,282,3,,,,,,
2017年12月23日(土),92631267,あぶり焼きチキン,78,26195,38,2,596,0,2,596,0,4,1756,0,2,878,0,2,878,0,4,2156,0,8,3348,0,7,3732,0,4,2038,0,5,1772,0,3,1260,3,3,940,3,9,1912,9,10,1948,10,13,2385,13
2017年12月24日(日),92631267,あぶり焼きチキン,112,37455,46,,,,8,2956,0,8,3630,0,12,4422,0,6,2470,0,6,1788,0,5,2336,0,9,2964,0,10,3262,0,2,1180,1,6,2556,5,5,1358,5,9,2246,9,22,5359,22,3,696,3
2017年12月25日(月),92631267,あぶり焼きチキン,69,21646,19,,,,1,290,0,2,688,0,7,2570,0,5,1666,0,7,2138,0,5,1666,0,9,3258,0,6,2280,0,5,1774,0,4,1225,1,3,954,3,14,2938,14,1,199,1,,,
2017年12月26日(火),92631267,あぶり焼きチキン,22,6190,3,3,886,0,1,298,0,1,290,0,3,894,0,,,,1,290,0,,,,4,1176,0,3,886,0,2,580,0,2,490,1,2,400,2,,,,,,,,,
2017年12月27日(水),92631267,あぶり焼きチキン,55,13907,24,,,,1,188,0,2,596,0,3,894,0,3,674,0,4,1536,0,4,1364,0,7,2210,0,4,972,0,1,298,0,8,1848,6,3,626,3,10,2121,10,5,580,5,,,
2017年12月28日(木),92631267,あぶり焼きチキン,36,8743,16,,,,,,,1,580,0,1,298,0,3,784,0,4,972,0,2,486,0,3,1176,0,5,1160,0,1,298,0,2,614,2,1,150,1,1,290,1,8,1233,8,4,702,4
2017年12月29日(金),92631267,あぶり焼きチキン,43,9968,20,,,,1,188,0,4,1082,0,1,188,0,2,596,0,2,486,0,6,1960,0,4,1254,0,2,486,0,1,580,0,1,150,1,3,852,3,6,926,6,7,995,7,3,225,3
2017年12月30日(土),92631267,あぶり焼きチキン,64,27077,20,2,878,0,1,298,0,1,298,0,5,2454,0,3,1740,0,3,1458,0,8,3230,0,6,2242,0,7,3614,0,6,2634,0,2,1560,0,,,,15,5566,15,4,986,4,1,119,1
2017年12月31日(日),92631267,あぶり焼きチキン,124,48943,62,1,298,0,2,596,0,12,6068,0,9,3928,0,11,4970,0,3,1176,0,10,6154,0,20,8013,10,12,5726,9,17,6279,16,23,5439,23,4,296,4,,,,,,,,,
2016年01月09日(土),92631267,あぶり焼きチキン（ソルト）,15,4000,12,,,,,,,,,,,,,,,,,,,2,760,0,,,,1,380,0,1,342,1,2,684,2,,,,2,570,2,2,456,2,5,808,5
2016年03月12日(土),92631267,あぶり焼きチキン（ソルト）,24,6541,21,,,,1,398,0,,,,,,,,,,,,,1,398,0,1,398,0,,,,,,,3,1074,3,5,1670,5,1,238,1,3,574,3,9,1791,9
2016年04月23日(土),92631267,あぶり焼きチキン（ソルト）,16,4217,10,,,,,,,1,398,0,1,398,0,,,,1,398,0,,,,,,,,,,1,398,0,2,796,0,,,,,,,3,636,3,3,557,3
2016年09月01日(木),92631267,あぶり焼きチキン,23,7164,0,,,,,,,,,,,,,,,,,,,,,,,,,12,4092,0,5,1442,0,6,1630,0,,,,,,,,,,,,
2016年09月02日(金),92631267,あぶり焼きチキン,38,11574,10,,,,,,,3,784,0,3,1066,0,2,486,0,,,,4,1082,0,4,1536,0,3,1176,0,5,1662,0,10,3026,7,3,606,2,1,150,1,,,,,,
2016年09月03日(土),92631267,あぶり焼きチキン,26,9435,1,,,,3,1176,0,4,1082,0,3,1066,0,3,1458,0,3,1176,0,4,1756,0,3,1066,0,1,298,0,1,188,0,1,169,1,,,,,,,,,,,,
2016年09月04日(日),92631267,あぶり焼きチキン,21,7118,0,,,,,,,7,2540,0,2,596,0,8,2838,0,,,,,,,2,768,0,1,188,0,1,188,0,,,,,,,,,,,,,,,
2016年09月05日(月),92631267,あぶり焼きチキン,28,7368,0,,,,3,1458,0,7,1536,0,1,298,0,3,674,0,1,188,0,3,674,0,4,752,0,3,894,0,2,596,0,1,298,0,,,,,,,,,,,,
2016年09月06日(火),92631267,あぶり焼きチキン,36,10091,11,,,,,,,1,188,0,4,1646,0,3,674,0,2,596,0,2,596,0,3,956,0,4,1474,0,3,956,0,6,1743,3,4,775,4,3,393,3,1,94,1,,,
2016年09月07日(水),92631267,あぶり焼きチキン,65,22383,19,,,,3,1458,0,3,894,0,6,1788,0,4,1756,0,2,878,0,5,2054,0,3,1176,0,7,3214,0,5,1490,0,15,4684,8,3,1116,2,1,464,1,6,1118,6,1,119,1
2016年09月08日(木),92631267,あぶり焼きチキン,27,7551,11,,,,,,,,,,2,486,0,3,784,0,,,,1,188,0,1,298,0,3,1348,0,4,1922,2,4,893,3,4,1052,1,5,580,5,,,,,,
2016年09月09日(金),92631267,あぶり焼きチキン,49,14817,16,,,,,,,1,580,0,5,1552,0,2,596,0,5,1552,0,3,1458,0,2,376,0,2,486,0,11,3635,2,6,1330,5,10,2694,7,2,558,2,,,,,,
2016年09月10日(土),92631267,あぶり焼きチキン,81,25444,11,,,,4,1364,0,2,486,0,5,1552,0,4,1474,0,7,2210,0,5,1662,0,6,1568,0,2,1160,0,17,5362,0,15,5359,1,5,1320,1,3,852,3,5,926,5,1,149,1
2016年09月11日(日),92631267,あぶり焼きチキン,92,29290,30,,,,3,674,0,8,2618,0,4,1474,0,7,2932,0,6,2524,0,6,1850,0,8,3292,0,3,1458,0,11,3512,0,7,2624,2,7,1654,6,4,1060,4,11,2348,11,7,1270,7
2016年09月12日(月),92631267,あぶり焼きチキン,50,15446,9,,,,,,,,,,2,1160,0,5,1160,0,6,2022,0,1,188,0,3,1458,0,9,2806,0,7,2480,2,10,2400,1,1,188,0,3,714,3,3,870,3,,,
2016年09月13日(火),92631267,あぶり焼きチキン,58,16971,12,,,,1,188,0,2,376,0,4,1474,0,5,1160,0,2,878,0,2,768,0,5,1944,0,6,2132,0,12,3743,1,7,1518,5,5,1100,2,2,596,0,5,1094,4,,,
2016年09月14日(水),92631267,あぶり焼きチキン,46,13518,15,,,,,,,1,188,0,3,784,0,3,784,0,2,376,0,4,862,0,4,1364,0,7,2540,0,5,1475,2,9,2741,8,5,1464,2,2,476,2,1,464,1,,,
2016年09月15日(木),92631267,あぶり焼きチキン,44,13908,4,,,,1,188,0,4,1536,0,1,580,0,2,596,0,4,1364,0,3,894,0,4,1364,0,7,1818,0,7,1928,0,6,1820,1,4,1356,2,1,464,1,,,,,,
2016年09月16日(金),92631267,あぶり焼きチキン,46,12843,20,,,,,,,1,188,0,4,1254,0,1,298,0,2,486,0,1,580,0,5,1380,0,6,2352,0,2,486,0,9,2995,6,4,794,3,5,669,5,5,1242,5,1,119,1
2016年09月17日(土),92631267,あぶり焼きチキン,101,32854,27,,,,,,,5,1834,0,2,596,0,5,1944,0,4,1474,0,5,2226,0,10,3434,0,14,5472,0,12,3418,0,14,4566,2,11,2784,6,13,3018,13,6,2088,6,,,
2016年09月18日(日),92631267,あぶり焼きチキン,82,26754,24,,,,,,,5,1380,0,7,2430,0,8,2556,0,7,2540,0,2,878,0,7,2430,0,8,2164,0,11,4658,1,9,2330,7,11,3540,9,4,1030,4,3,818,3,,,
2016年09月19日(月),92631267,あぶり焼きチキン,80,26865,21,,,,2,486,0,4,1254,0,2,376,0,6,1630,0,7,1976,0,6,2132,0,5,1772,0,9,4044,0,13,3466,1,13,5583,8,7,2304,6,5,1417,5,1,425,1,,,
2016年09月20日(火),92631267,あぶり焼きチキン,51,13464,21,,,,2,486,0,1,298,0,3,564,0,2,486,0,2,486,0,3,674,0,3,784,0,6,2524,0,2,486,0,14,4728,8,3,820,3,3,356,3,7,772,7,,,
2016年09月21日(水),92631267,あぶり焼きチキン,51,14577,8,,,,1,188,0,2,596,0,2,596,0,4,862,0,1,188,0,2,596,0,9,2964,0,8,2226,0,7,2932,0,8,1694,1,,,,3,1050,3,4,685,4,,,
2016年09月22日(木),92631267,あぶり焼きチキン,68,20360,30,,,,,,,2,486,0,4,1756,0,3,784,0,3,1066,0,4,972,0,7,2700,0,5,1944,0,4,1549,1,13,3974,7,8,2180,7,4,769,4,7,1161,7,4,1019,4
2016年09月23日(金),92631267,あぶり焼きチキン,69,19519,27,,,,1,298,0,4,972,0,2,768,0,2,376,0,1,188,0,5,1944,0,11,3278,0,5,1050,0,6,1500,3,18,5343,10,4,1735,4,2,388,2,8,1679,8,,,
2016年09月24日(土),92631267,あぶり焼きチキン,57,16734,30,,,,1,188,0,,,,,,,1,298,0,1,298,0,1,298,0,3,894,0,4,1082,0,12,4234,1,6,2077,4,9,2371,6,14,3474,14,4,1230,4,1,290,1
2016年09月25日(日),92631267,あぶり焼きチキン,96,32473,32,,,,1,298,0,7,2038,0,2,596,0,4,1634,0,6,1348,0,6,2070,0,11,4518,0,11,4726,0,10,3814,0,10,3762,6,11,3745,9,7,1847,7,6,1058,6,4,1019,4
2016年09月26日(月),92631267,あぶり焼きチキン,31,11184,8,,,,,,,,,,3,1176,0,1,298,0,2,878,0,3,784,0,1,580,0,4,1756,0,7,2994,0,5,1553,4,2,695,1,2,262,2,1,208,1,,,
2016年09月27日(火),92631267,あぶり焼きチキン,58,17950,21,,,,,,,2,768,0,3,1066,0,5,1552,0,2,486,0,4,1254,0,7,2822,0,2,376,0,11,3767,4,11,2924,8,7,2078,5,3,393,3,1,464,1,,,
2016年09月28日(水),92631267,あぶり焼きチキン,38,11092,17,,,,3,1176,0,1,298,0,1,298,0,2,596,0,,,,1,580,0,4,1756,0,2,486,0,6,1458,0,7,1598,6,5,1504,5,6,1342,6,,,,,,
2016年09月29日(木),92631267,あぶり焼きチキン,49,16005,10,,,,1,188,0,4,1474,0,5,1442,0,2,486,0,2,486,0,2,878,0,2,486,0,6,2524,0,7,2320,0,13,4079,5,1,238,1,2,476,2,2,928,2,,,
2016年09月30日(金),92631267,あぶり焼きチキン,63,19597,23,,,,,,,,,,5,1834,0,1,298,0,,,,3,1176,0,9,2744,0,9,3026,0,6,3198,0,10,2959,5,6,1341,4,9,2330,9,5,691,5,,,
2016年10月01日(土),92631267,あぶり焼きチキン,51,13609,15,,,,4,972,0,1,298,0,3,564,0,6,1740,0,1,298,0,4,862,0,2,768,0,8,2446,0,3,1348,0,8,1915,5,2,456,1,1,406,1,7,1246,7,1,290,1
2016年10月02日(日),92631267,あぶり焼きチキン,48,14749,12,,,,2,376,0,5,1662,0,3,1066,0,2,596,0,3,956,0,5,1552,0,5,1552,0,6,2242,0,5,2226,0,7,1480,7,1,268,1,2,416,2,2,357,2,,,
2016年10月08日(土),92631267,あぶり焼きチキン,11,2356,4,,,,,,,,,,3,674,0,1,188,0,1,298,0,1,298,0,1,298,0,,,,,,,,,,2,338,2,2,262,2,,,,,,
2016年10月09日(日),92631267,あぶり焼きチキン,10,2321,2,,,,,,,,,,,,,,,,,,,,,,1,298,0,5,1160,0,3,655,1,,,,,,,1,208,1,,,,,,
2016年12月09日(金),92631267,あぶり焼きチキン,48,14412,12,,,,,,,3,784,0,3,784,0,6,1568,0,,,,1,188,0,9,2682,0,9,2964,0,3,1342,2,5,1938,2,1,580,0,4,952,4,2,387,2,2,243,2
2016年12月10日(土),92631267,あぶり焼きチキン,76,24256,11,,,,2,486,0,3,1066,0,12,3418,0,3,1066,0,3,894,0,9,3246,0,3,1740,0,7,2540,0,12,3418,0,10,3686,1,5,1473,3,2,300,2,5,923,5,,,
2016年12月11日(日),92631267,あぶり焼きチキン,70,23146,9,,,,,,,4,1364,0,5,1662,0,6,1850,0,6,2070,0,5,1834,0,5,1270,0,13,4954,0,9,3246,0,10,2656,6,5,1712,1,1,238,1,1,290,1,,,
2016年12月12日(月),92631267,あぶり焼きチキン,45,13716,6,,,,4,862,0,2,596,0,7,2712,0,2,486,0,5,1270,0,4,1474,0,2,768,0,4,1364,0,7,2320,0,5,1180,3,2,476,2,,,,1,208,1,,,
2016年12月13日(火),92631267,あぶり焼きチキン,47,13332,23,,,,,,,1,298,0,2,878,0,2,376,0,1,188,0,1,298,0,5,2336,0,5,1442,0,5,2116,0,5,883,3,6,1488,6,6,1578,6,7,1161,7,1,290,1
2016年12月14日(水),92631267,あぶり焼きチキン,48,14799,15,,,,,,,4,1474,0,2,596,0,1,188,0,2,596,0,3,894,0,7,2430,0,7,3104,0,4,1364,0,2,467,1,3,1118,1,4,1239,4,6,889,6,3,440,3
2016年12月15日(木),92631267,あぶり焼きチキン,60,15803,21,,,,,,,2,486,0,3,784,0,7,2038,0,4,1254,0,4,1646,0,4,862,0,6,1458,0,9,2212,1,4,1072,4,7,1696,6,3,706,3,7,1589,7,,,
2016年12月16日(金),92631267,あぶり焼きチキン,45,13702,12,,,,,,,7,2038,0,1,580,0,4,1082,0,,,,5,1724,0,4,1254,0,4,1646,0,9,2456,3,6,1862,6,2,456,1,3,604,2,,,,,,
2016年12月17日(土),92631267,あぶり焼きチキン,65,19055,21,,,,1,188,0,,,,6,2414,0,2,596,0,2,486,0,2,486,0,8,2164,0,11,4076,0,7,1737,1,8,2662,4,6,1573,4,7,1609,7,5,1064,5,,,
2016年12月18日(日),92631267,あぶり焼きチキン,79,24309,19,,,,3,564,0,3,956,0,2,768,0,5,1380,0,9,3246,0,3,564,0,6,1960,0,13,4954,0,6,2022,0,11,3866,4,8,2471,5,1,238,1,8,1226,8,1,94,1
2016年12月19日(月),92631267,あぶり焼きチキン,43,12583,11,,,,,,,2,376,0,2,486,0,2,486,0,5,2054,0,5,1270,0,3,1678,0,7,1646,0,6,2132,0,3,804,3,4,973,4,4,678,4,,,,,,
2016年12月20日(火),92631267,あぶり焼きチキン,48,14436,16,,,,2,596,0,1,298,0,,,,2,878,0,4,972,0,4,972,0,4,1474,0,7,1756,0,6,1538,1,9,2760,7,4,1610,3,3,1136,3,2,446,2,,,
2016年12月21日(水),92631267,あぶり焼きチキン,62,16571,23,,,,1,298,0,6,1630,0,4,1364,0,3,894,0,2,486,0,3,674,0,6,1678,0,5,1380,0,7,2654,1,5,1525,4,7,1717,5,9,1585,9,4,686,4,,,
2016年12月22日(木),92631267,あぶり焼きチキン,38,11233,18,,,,,,,,,,4,1254,0,3,564,0,1,298,0,,,,4,1364,0,2,768,0,9,2699,3,10,3399,10,1,169,1,3,624,3,1,94,1,,,
2016年12月23日(金),92631267,あぶり焼きチキン,82,37736,13,,,,,,,,,,4,1474,0,3,894,0,8,4312,0,7,3732,0,13,5120,0,16,8670,0,14,5982,0,4,1474,0,7,3298,7,6,2780,6,,,,,,
2016年12月24日(土),92631267,あぶり焼きチキン,118,47310,34,,,,4,1474,0,6,2352,0,3,1176,0,11,4806,0,8,2384,0,11,4806,0,5,1772,0,13,5402,0,10,5072,0,16,7530,4,11,5290,10,9,2479,9,8,2297,8,3,470,3
2016年12月25日(日),92631267,あぶり焼きチキン,75,22673,32,,,,2,596,0,4,1082,0,7,2258,0,2,768,0,5,2336,0,7,2430,0,1,580,0,8,3402,0,4,953,1,7,1923,4,6,1281,5,5,1386,5,14,3004,14,3,674,3
2016年12月26日(月),92631267,あぶり焼きチキン,50,15085,19,,,,,,,4,1474,0,2,878,0,2,486,0,4,1474,0,2,486,0,1,580,0,9,3198,0,7,2430,0,4,973,4,1,268,1,7,1398,7,3,451,3,3,870,3
2016年12月27日(火),92631267,あぶり焼きチキン,34,8459,17,,,,1,298,0,1,298,0,2,486,0,,,,2,486,0,2,768,0,2,596,0,4,1082,0,3,956,0,5,1396,5,2,536,2,2,416,2,3,433,3,5,708,5
2016年12月28日(水),92631267,あぶり焼きチキン,60,15981,28,,,,1,580,0,4,1144,0,5,1834,0,2,596,0,6,1568,0,2,376,0,1,188,0,5,1662,0,1,188,0,9,2771,5,4,1257,3,5,1042,5,4,916,4,10,1784,10
2016年12月29日(木),92631267,あぶり焼きチキン,56,18070,24,,,,,,,2,878,0,3,1348,0,1,298,0,3,1066,0,6,1678,0,3,1066,0,3,1348,0,9,3982,0,10,3147,9,6,1623,5,5,886,5,5,750,5,,,
2016年12月30日(金),92631267,あぶり焼きチキン,74,27799,32,,,,,,,3,1176,0,1,298,0,9,2964,0,3,1458,0,2,1160,0,8,3794,0,9,4092,0,6,2470,0,3,1730,2,3,1312,3,7,2586,7,10,2395,10,9,2245,9
2016年12月31日(土),92631267,あぶり焼きチキン,99,47305,28,,,,1,298,0,5,2736,0,5,1772,0,6,4680,0,6,2352,0,10,4790,0,14,7228,0,15,8832,1,16,7868,6,14,4300,14,7,2449,7,,,,,,,,,
2015年11月28日(土),92634206,あぶり焼きチキン（レモン）,32,7610,25,,,,,,,,,,,,,,,,,,,,,,1,398,0,3,1194,0,4,1472,3,1,398,0,1,398,0,2,398,2,4,808,4,7,1113,7
2015年12月26日(土),92631267,あぶり焼きチキン（ソルト）,17,3524,14,,,,,,,,,,,,,,,,,,,,,,2,716,0,1,358,0,,,,1,322,1,1,214,1,3,642,3,6,879,6,,,
2015年12月26日(土),92634206,あぶり焼きチキン（レモン）,21,4022,19,,,,,,,,,,,,,,,,,,,,,,,,,1,358,0,2,680,1,,,,1,322,1,4,964,4,4,569,4,6,808,6
2015年12月27日(日),92634206,あぶり焼きチキン（レモン）,11,4330,7,,,,,,,,,,,,,,,,,,,,,,,,,1,750,0,2,1130,0,,,,1,750,0,,,,1,190,1,6,1510,6
2015年12月28日(月),92634206,あぶり焼きチキン（レモン）,7,1748,4,,,,,,,,,,,,,,,,,,,,,,,,,2,760,0,,,,1,380,0,,,,,,,,,,2,304,2